raw file,scan,spectrum fragmentation,fragmentation energy (ETD),fragmentation energy (HCD),precursor m/z,precursor charge,retention time,precursor intensity,PSM score,search engine PSM score,peptide sequence,protein accessions,source
20250731_LUMOS_CPR_LeXN_SA_GLTDEEYDEFKK_GMP_2plus_ETD50,1,ETD,50,NA,909.8,2,0.004303954,-1,11.95629447,0,GLTDEEY(pG|6)DEFKK,NA,20250731_LUMOS_CPR_LeXN_SA_GLTDEEYDEFKK_GMP_2plus_ETD50_1
20250731_LUMOS_CPR_LeXN_SA_GLTDEEYDEFKK_GMP_2plus_ETD50,2,ETD,50,NA,909.8,2,0.01269305,-1,17.59476096,0,GLTDEEY(pG|6)DEFKK,NA,20250731_LUMOS_CPR_LeXN_SA_GLTDEEYDEFKK_GMP_2plus_ETD50_2
20250731_LUMOS_CPR_LeXN_SA_GLTDEEYDEFKK_GMP_2plus_ETD50,3,ETD,50,NA,909.8,2,0.02108324,-1,17.59476096,0,GLTDEEY(pG|6)DEFKK,NA,20250731_LUMOS_CPR_LeXN_SA_GLTDEEYDEFKK_GMP_2plus_ETD50_3
20250731_LUMOS_CPR_LeXN_SA_GLTDEEYDEFKK_GMP_2plus_ETD50,4,ETD,50,NA,909.8,2,0.02947355,-1,24.01065908,0,GLTDEEY(pG|6)DEFKK,NA,20250731_LUMOS_CPR_LeXN_SA_GLTDEEYDEFKK_GMP_2plus_ETD50_4
20250731_LUMOS_CPR_LeXN_SA_GLTDEEYDEFKK_GMP_2plus_ETD50,5,ETD,50,NA,909.8,2,0.03786345,-1,17.59476096,0,GLTDEEY(pG|6)DEFKK,NA,20250731_LUMOS_CPR_LeXN_SA_GLTDEEYDEFKK_GMP_2plus_ETD50_5
20250731_LUMOS_CPR_LeXN_SA_GLTDEEYDEFKK_GMP_2plus_ETD100,1,ETD,100,NA,909.8,2,0.004303648,-1,17.59476096,0,GLTDEEY(pG|6)DEFKK,NA,20250731_LUMOS_CPR_LeXN_SA_GLTDEEYDEFKK_GMP_2plus_ETD100_1
20250731_LUMOS_CPR_LeXN_SA_GLTDEEYDEFKK_GMP_2plus_ETD100,2,ETD,100,NA,909.8,2,0.01352618,-1,24.01065908,0,GLTDEEY(pG|6)DEFKK,NA,20250731_LUMOS_CPR_LeXN_SA_GLTDEEYDEFKK_GMP_2plus_ETD100_2
20250731_LUMOS_CPR_LeXN_SA_GLTDEEYDEFKK_GMP_2plus_ETD100,3,ETD,100,NA,909.8,2,0.0227493,-1,24.01065908,0,GLTDEEY(pG|6)DEFKK,NA,20250731_LUMOS_CPR_LeXN_SA_GLTDEEYDEFKK_GMP_2plus_ETD100_3
20250731_LUMOS_CPR_LeXN_SA_GLTDEEYDEFKK_GMP_2plus_ETD100,4,ETD,100,NA,909.8,2,0.03197245,-1,24.01065908,0,GLTDEEY(pG|6)DEFKK,NA,20250731_LUMOS_CPR_LeXN_SA_GLTDEEYDEFKK_GMP_2plus_ETD100_4
20250731_LUMOS_CPR_LeXN_SA_GLTDEEYDEFKK_GMP_2plus_ETD100,5,ETD,100,NA,909.8,2,0.04119585,-1,11.95629447,0,GLTDEEY(pG|6)DEFKK,NA,20250731_LUMOS_CPR_LeXN_SA_GLTDEEYDEFKK_GMP_2plus_ETD100_5
20250731_LUMOS_CPR_LeXN_SA_GLTDEEYDEFKK_GMP_2plus_ETD150,1,ETD,150,NA,909.8,2,0.004270753,-1,24.01065908,0,GLTDEEY(pG|6)DEFKK,NA,20250731_LUMOS_CPR_LeXN_SA_GLTDEEYDEFKK_GMP_2plus_ETD150_1
20250731_LUMOS_CPR_LeXN_SA_GLTDEEYDEFKK_GMP_2plus_ETD150,2,ETD,150,NA,909.8,2,0.01432851,-1,11.95629447,0,GLTDEEY(pG|6)DEFKK,NA,20250731_LUMOS_CPR_LeXN_SA_GLTDEEYDEFKK_GMP_2plus_ETD150_2
20250731_LUMOS_CPR_LeXN_SA_GLTDEEYDEFKK_GMP_2plus_ETD150,3,ETD,150,NA,909.8,2,0.02437972,-1,24.01065908,0,GLTDEEY(pG|6)DEFKK,NA,20250731_LUMOS_CPR_LeXN_SA_GLTDEEYDEFKK_GMP_2plus_ETD150_3
20250731_LUMOS_CPR_LeXN_SA_GLTDEEYDEFKK_GMP_2plus_ETD150,4,ETD,150,NA,909.8,2,0.03443426,-1,11.95629447,0,GLTDEEY(pG|6)DEFKK,NA,20250731_LUMOS_CPR_LeXN_SA_GLTDEEYDEFKK_GMP_2plus_ETD150_4
20250731_LUMOS_CPR_LeXN_SA_GLTDEEYDEFKK_GMP_2plus_ETD150,5,ETD,150,NA,909.8,2,0.04449064,-1,24.01065908,0,GLTDEEY(pG|6)DEFKK,NA,20250731_LUMOS_CPR_LeXN_SA_GLTDEEYDEFKK_GMP_2plus_ETD150_5
20250731_LUMOS_CPR_LeXN_SA_GLTDEEYDEFKK_GMP_2plus_ETD200,1,ETD,200,NA,909.8,2,0.004272103,-1,11.95629447,0,GLTDEEY(pG|6)DEFKK,NA,20250731_LUMOS_CPR_LeXN_SA_GLTDEEYDEFKK_GMP_2plus_ETD200_1
20250731_LUMOS_CPR_LeXN_SA_GLTDEEYDEFKK_GMP_2plus_ETD200,2,ETD,200,NA,909.8,2,0.01515539,-1,11.95629447,0,GLTDEEY(pG|6)DEFKK,NA,20250731_LUMOS_CPR_LeXN_SA_GLTDEEYDEFKK_GMP_2plus_ETD200_2
20250731_LUMOS_CPR_LeXN_SA_GLTDEEYDEFKK_GMP_2plus_ETD200,3,ETD,200,NA,909.8,2,0.02604026,-1,11.95629447,0,GLTDEEY(pG|6)DEFKK,NA,20250731_LUMOS_CPR_LeXN_SA_GLTDEEYDEFKK_GMP_2plus_ETD200_3
20250731_LUMOS_CPR_LeXN_SA_GLTDEEYDEFKK_GMP_2plus_ETD200,4,ETD,200,NA,909.8,2,0.03692803,-1,11.95629447,0,GLTDEEY(pG|6)DEFKK,NA,20250731_LUMOS_CPR_LeXN_SA_GLTDEEYDEFKK_GMP_2plus_ETD200_4
20250731_LUMOS_CPR_LeXN_SA_GLTDEEYDEFKK_GMP_2plus_ETD200,5,ETD,200,NA,909.8,2,0.0478183,-1,11.95629447,0,GLTDEEY(pG|6)DEFKK,NA,20250731_LUMOS_CPR_LeXN_SA_GLTDEEYDEFKK_GMP_2plus_ETD200_5
20250731_LUMOS_CPR_LeXN_SA_GLTDEEYDEFKK_GMP_2plus_ETD250,1,ETD,250,NA,909.8,2,0.004270838,-1,11.95629447,0,GLTDEEY(pG|6)DEFKK,NA,20250731_LUMOS_CPR_LeXN_SA_GLTDEEYDEFKK_GMP_2plus_ETD250_1
20250731_LUMOS_CPR_LeXN_SA_GLTDEEYDEFKK_GMP_2plus_ETD250,2,ETD,250,NA,909.8,2,0.01599463,-1,11.95629447,0,GLTDEEY(pG|6)DEFKK,NA,20250731_LUMOS_CPR_LeXN_SA_GLTDEEYDEFKK_GMP_2plus_ETD250_2
20250731_LUMOS_CPR_LeXN_SA_GLTDEEYDEFKK_GMP_2plus_ETD250,3,ETD,250,NA,909.8,2,0.02771728,-1,11.95629447,0,GLTDEEY(pG|6)DEFKK,NA,20250731_LUMOS_CPR_LeXN_SA_GLTDEEYDEFKK_GMP_2plus_ETD250_3
20250731_LUMOS_CPR_LeXN_SA_GLTDEEYDEFKK_GMP_2plus_ETD250,4,ETD,250,NA,909.8,2,0.03944075,-1,11.95629447,0,GLTDEEY(pG|6)DEFKK,NA,20250731_LUMOS_CPR_LeXN_SA_GLTDEEYDEFKK_GMP_2plus_ETD250_4
20250731_LUMOS_CPR_LeXN_SA_GLTDEEYDEFKK_GMP_2plus_ETD250,5,ETD,250,NA,909.8,2,0.05116415,-1,11.95629447,0,GLTDEEY(pG|6)DEFKK,NA,20250731_LUMOS_CPR_LeXN_SA_GLTDEEYDEFKK_GMP_2plus_ETD250_5
20250731_LUMOS_CPR_LeXN_SA_GLTDEEYDEFKK_GMP_2plus_EThcD50_15,1,EThcD,50,15,909.8,2,0.004303459,-1,29.12585835,0,GLTDEEY(pG|6)DEFKK,NA,20250731_LUMOS_CPR_LeXN_SA_GLTDEEYDEFKK_GMP_2plus_EThcD50_15_1
20250731_LUMOS_CPR_LeXN_SA_GLTDEEYDEFKK_GMP_2plus_EThcD50_15,2,EThcD,50,15,909.8,2,0.01274425,-1,29.12585835,0,GLTDEEY(pG|6)DEFKK,NA,20250731_LUMOS_CPR_LeXN_SA_GLTDEEYDEFKK_GMP_2plus_EThcD50_15_2
20250731_LUMOS_CPR_LeXN_SA_GLTDEEYDEFKK_GMP_2plus_EThcD50_15,3,EThcD,50,15,909.8,2,0.02118421,-1,25.20656666,0,GLTDEEY(pG|6)DEFKK,NA,20250731_LUMOS_CPR_LeXN_SA_GLTDEEYDEFKK_GMP_2plus_EThcD50_15_3
20250731_LUMOS_CPR_LeXN_SA_GLTDEEYDEFKK_GMP_2plus_EThcD50_15,4,EThcD,50,15,909.8,2,0.02962449,-1,29.12585835,0,GLTDEEY(pG|6)DEFKK,NA,20250731_LUMOS_CPR_LeXN_SA_GLTDEEYDEFKK_GMP_2plus_EThcD50_15_4
20250731_LUMOS_CPR_LeXN_SA_GLTDEEYDEFKK_GMP_2plus_EThcD50_15,5,EThcD,50,15,909.8,2,0.03806532,-1,29.12585835,0,GLTDEEY(pG|6)DEFKK,NA,20250731_LUMOS_CPR_LeXN_SA_GLTDEEYDEFKK_GMP_2plus_EThcD50_15_5
20250731_LUMOS_CPR_LeXN_SA_GLTDEEYDEFKK_GMP_2plus_EThcD50_25,1,EThcD,50,25,909.8,2,0.004304145,-1,85.5632498,0,GLTDEEY(pG|6)DEFKK,NA,20250731_LUMOS_CPR_LeXN_SA_GLTDEEYDEFKK_GMP_2plus_EThcD50_25_1
20250731_LUMOS_CPR_LeXN_SA_GLTDEEYDEFKK_GMP_2plus_EThcD50_25,2,EThcD,50,25,909.8,2,0.01274418,-1,73.16837947,0,GLTDEEY(pG|6)DEFKK,NA,20250731_LUMOS_CPR_LeXN_SA_GLTDEEYDEFKK_GMP_2plus_EThcD50_25_2
20250731_LUMOS_CPR_LeXN_SA_GLTDEEYDEFKK_GMP_2plus_EThcD50_25,3,EThcD,50,25,909.8,2,0.02118477,-1,86.45507424,0,GLTDEEY(pG|6)DEFKK,NA,20250731_LUMOS_CPR_LeXN_SA_GLTDEEYDEFKK_GMP_2plus_EThcD50_25_3
20250731_LUMOS_CPR_LeXN_SA_GLTDEEYDEFKK_GMP_2plus_EThcD50_25,4,EThcD,50,25,909.8,2,0.02962497,-1,85.5632498,0,GLTDEEY(pG|6)DEFKK,NA,20250731_LUMOS_CPR_LeXN_SA_GLTDEEYDEFKK_GMP_2plus_EThcD50_25_4
20250731_LUMOS_CPR_LeXN_SA_GLTDEEYDEFKK_GMP_2plus_EThcD50_25,5,EThcD,50,25,909.8,2,0.0380653,-1,94.20339044,0,GLTDEEY(pG|6)DEFKK,NA,20250731_LUMOS_CPR_LeXN_SA_GLTDEEYDEFKK_GMP_2plus_EThcD50_25_5
20250731_LUMOS_CPR_LeXN_SA_GLTDEEYDEFKK_GMP_2plus_EThcD50_35,1,EThcD,50,35,909.8,2,0.004300963,-1,98.40838157,0,GLTDEEY(pG|6)DEFKK,NA,20250731_LUMOS_CPR_LeXN_SA_GLTDEEYDEFKK_GMP_2plus_EThcD50_35_1
20250731_LUMOS_CPR_LeXN_SA_GLTDEEYDEFKK_GMP_2plus_EThcD50_35,2,EThcD,50,35,909.8,2,0.01274267,-1,96.09585791,0,GLTDEEY(pG|6)DEFKK,NA,20250731_LUMOS_CPR_LeXN_SA_GLTDEEYDEFKK_GMP_2plus_EThcD50_35_2
20250731_LUMOS_CPR_LeXN_SA_GLTDEEYDEFKK_GMP_2plus_EThcD50_35,3,EThcD,50,35,909.8,2,0.02118487,-1,88.18974928,0,GLTDEEY(pG|6)DEFKK,NA,20250731_LUMOS_CPR_LeXN_SA_GLTDEEYDEFKK_GMP_2plus_EThcD50_35_3
20250731_LUMOS_CPR_LeXN_SA_GLTDEEYDEFKK_GMP_2plus_EThcD50_35,4,EThcD,50,35,909.8,2,0.02962654,-1,98.40838157,0,GLTDEEY(pG|6)DEFKK,NA,20250731_LUMOS_CPR_LeXN_SA_GLTDEEYDEFKK_GMP_2plus_EThcD50_35_4
20250731_LUMOS_CPR_LeXN_SA_GLTDEEYDEFKK_GMP_2plus_EThcD50_35,5,EThcD,50,35,909.8,2,0.03806864,-1,104.2568893,0,GLTDEEY(pG|6)DEFKK,NA,20250731_LUMOS_CPR_LeXN_SA_GLTDEEYDEFKK_GMP_2plus_EThcD50_35_5
20250731_LUMOS_CPR_LeXN_SA_GLTDEEYDEFKK_GMP_2plus_EThcD100_15,1,EThcD,100,15,909.8,2,0.004303496,-1,29.12585835,0,GLTDEEY(pG|6)DEFKK,NA,20250731_LUMOS_CPR_LeXN_SA_GLTDEEYDEFKK_GMP_2plus_EThcD100_15_1
20250731_LUMOS_CPR_LeXN_SA_GLTDEEYDEFKK_GMP_2plus_EThcD100_15,2,EThcD,100,15,909.8,2,0.01357624,-1,29.12585835,0,GLTDEEY(pG|6)DEFKK,NA,20250731_LUMOS_CPR_LeXN_SA_GLTDEEYDEFKK_GMP_2plus_EThcD100_15_2
20250731_LUMOS_CPR_LeXN_SA_GLTDEEYDEFKK_GMP_2plus_EThcD100_15,3,EThcD,100,15,909.8,2,0.02285558,-1,29.12585835,0,GLTDEEY(pG|6)DEFKK,NA,20250731_LUMOS_CPR_LeXN_SA_GLTDEEYDEFKK_GMP_2plus_EThcD100_15_3
20250731_LUMOS_CPR_LeXN_SA_GLTDEEYDEFKK_GMP_2plus_EThcD100_15,4,EThcD,100,15,909.8,2,0.03212903,-1,29.12585835,0,GLTDEEY(pG|6)DEFKK,NA,20250731_LUMOS_CPR_LeXN_SA_GLTDEEYDEFKK_GMP_2plus_EThcD100_15_4
20250731_LUMOS_CPR_LeXN_SA_GLTDEEYDEFKK_GMP_2plus_EThcD100_15,5,EThcD,100,15,909.8,2,0.04140237,-1,25.20656666,0,GLTDEEY(pG|6)DEFKK,NA,20250731_LUMOS_CPR_LeXN_SA_GLTDEEYDEFKK_GMP_2plus_EThcD100_15_5
20250731_LUMOS_CPR_LeXN_SA_GLTDEEYDEFKK_GMP_2plus_EThcD100_25,1,EThcD,100,25,909.8,2,0.004269255,-1,80.63836352,0,GLTDEEY(pG|6)DEFKK,NA,20250731_LUMOS_CPR_LeXN_SA_GLTDEEYDEFKK_GMP_2plus_EThcD100_25_1
20250731_LUMOS_CPR_LeXN_SA_GLTDEEYDEFKK_GMP_2plus_EThcD100_25,2,EThcD,100,25,909.8,2,0.01353738,-1,80.63836352,0,GLTDEEY(pG|6)DEFKK,NA,20250731_LUMOS_CPR_LeXN_SA_GLTDEEYDEFKK_GMP_2plus_EThcD100_25_2
20250731_LUMOS_CPR_LeXN_SA_GLTDEEYDEFKK_GMP_2plus_EThcD100_25,3,EThcD,100,25,909.8,2,0.02280694,-1,78.44122591,0,GLTDEEY(pG|6)DEFKK,NA,20250731_LUMOS_CPR_LeXN_SA_GLTDEEYDEFKK_GMP_2plus_EThcD100_25_3
20250731_LUMOS_CPR_LeXN_SA_GLTDEEYDEFKK_GMP_2plus_EThcD100_25,4,EThcD,100,25,909.8,2,0.03207974,-1,78.44122591,0,GLTDEEY(pG|6)DEFKK,NA,20250731_LUMOS_CPR_LeXN_SA_GLTDEEYDEFKK_GMP_2plus_EThcD100_25_4
20250731_LUMOS_CPR_LeXN_SA_GLTDEEYDEFKK_GMP_2plus_EThcD100_25,5,EThcD,100,25,909.8,2,0.04135199,-1,77.22106977,0,GLTDEEY(pG|6)DEFKK,NA,20250731_LUMOS_CPR_LeXN_SA_GLTDEEYDEFKK_GMP_2plus_EThcD100_25_5
20250731_LUMOS_CPR_LeXN_SA_GLTDEEYDEFKK_GMP_2plus_EThcD100_35,1,EThcD,100,35,909.8,2,0.004304157,-1,112.337971,0,GLTDEEY(pG|6)DEFKK,NA,20250731_LUMOS_CPR_LeXN_SA_GLTDEEYDEFKK_GMP_2plus_EThcD100_35_1
20250731_LUMOS_CPR_LeXN_SA_GLTDEEYDEFKK_GMP_2plus_EThcD100_35,2,EThcD,100,35,909.8,2,0.01358462,-1,112.337971,0,GLTDEEY(pG|6)DEFKK,NA,20250731_LUMOS_CPR_LeXN_SA_GLTDEEYDEFKK_GMP_2plus_EThcD100_35_2
20250731_LUMOS_CPR_LeXN_SA_GLTDEEYDEFKK_GMP_2plus_EThcD100_35,3,EThcD,100,35,909.8,2,0.02286003,-1,104.2568893,0,GLTDEEY(pG|6)DEFKK,NA,20250731_LUMOS_CPR_LeXN_SA_GLTDEEYDEFKK_GMP_2plus_EThcD100_35_3
20250731_LUMOS_CPR_LeXN_SA_GLTDEEYDEFKK_GMP_2plus_EThcD100_35,4,EThcD,100,35,909.8,2,0.03213492,-1,96.09585791,0,GLTDEEY(pG|6)DEFKK,NA,20250731_LUMOS_CPR_LeXN_SA_GLTDEEYDEFKK_GMP_2plus_EThcD100_35_4
20250731_LUMOS_CPR_LeXN_SA_GLTDEEYDEFKK_GMP_2plus_EThcD100_35,5,EThcD,100,35,909.8,2,0.04141015,-1,103.0414841,0,GLTDEEY(pG|6)DEFKK,NA,20250731_LUMOS_CPR_LeXN_SA_GLTDEEYDEFKK_GMP_2plus_EThcD100_35_5
20250731_LUMOS_CPR_LeXN_SA_GLTDEEYDEFKK_GMP_2plus_EThcD150_15,1,EThcD,150,15,909.8,2,0.004269546,-1,29.12585835,0,GLTDEEY(pG|6)DEFKK,NA,20250731_LUMOS_CPR_LeXN_SA_GLTDEEYDEFKK_GMP_2plus_EThcD150_15_1
20250731_LUMOS_CPR_LeXN_SA_GLTDEEYDEFKK_GMP_2plus_EThcD150_15,2,EThcD,150,15,909.8,2,0.01437668,-1,36.48065227,0,GLTDEEY(pG|6)DEFKK,NA,20250731_LUMOS_CPR_LeXN_SA_GLTDEEYDEFKK_GMP_2plus_EThcD150_15_2
20250731_LUMOS_CPR_LeXN_SA_GLTDEEYDEFKK_GMP_2plus_EThcD150_15,3,EThcD,150,15,909.8,2,0.02448389,-1,25.20656666,0,GLTDEEY(pG|6)DEFKK,NA,20250731_LUMOS_CPR_LeXN_SA_GLTDEEYDEFKK_GMP_2plus_EThcD150_15_3
20250731_LUMOS_CPR_LeXN_SA_GLTDEEYDEFKK_GMP_2plus_EThcD150_15,4,EThcD,150,15,909.8,2,0.03459145,-1,29.12585835,0,GLTDEEY(pG|6)DEFKK,NA,20250731_LUMOS_CPR_LeXN_SA_GLTDEEYDEFKK_GMP_2plus_EThcD150_15_4
20250731_LUMOS_CPR_LeXN_SA_GLTDEEYDEFKK_GMP_2plus_EThcD150_15,5,EThcD,150,15,909.8,2,0.04469793,-1,29.12585835,0,GLTDEEY(pG|6)DEFKK,NA,20250731_LUMOS_CPR_LeXN_SA_GLTDEEYDEFKK_GMP_2plus_EThcD150_15_5
20250731_LUMOS_CPR_LeXN_SA_GLTDEEYDEFKK_GMP_2plus_EThcD150_25,1,EThcD,150,25,909.8,2,0.004303643,-1,61.64829368,0,GLTDEEY(pG|6)DEFKK,NA,20250731_LUMOS_CPR_LeXN_SA_GLTDEEYDEFKK_GMP_2plus_EThcD150_25_1
20250731_LUMOS_CPR_LeXN_SA_GLTDEEYDEFKK_GMP_2plus_EThcD150_25,2,EThcD,150,25,909.8,2,0.01440918,-1,60.52813502,0,GLTDEEY(pG|6)DEFKK,NA,20250731_LUMOS_CPR_LeXN_SA_GLTDEEYDEFKK_GMP_2plus_EThcD150_25_2
20250731_LUMOS_CPR_LeXN_SA_GLTDEEYDEFKK_GMP_2plus_EThcD150_25,3,EThcD,150,25,909.8,2,0.0245156,-1,47.08181692,0,GLTDEEY(pG|6)DEFKK,NA,20250731_LUMOS_CPR_LeXN_SA_GLTDEEYDEFKK_GMP_2plus_EThcD150_25_3
20250731_LUMOS_CPR_LeXN_SA_GLTDEEYDEFKK_GMP_2plus_EThcD150_25,4,EThcD,150,25,909.8,2,0.03462287,-1,52.78432424,0,GLTDEEY(pG|6)DEFKK,NA,20250731_LUMOS_CPR_LeXN_SA_GLTDEEYDEFKK_GMP_2plus_EThcD150_25_4
20250731_LUMOS_CPR_LeXN_SA_GLTDEEYDEFKK_GMP_2plus_EThcD150_25,5,EThcD,150,25,909.8,2,0.04472991,-1,61.64829368,0,GLTDEEY(pG|6)DEFKK,NA,20250731_LUMOS_CPR_LeXN_SA_GLTDEEYDEFKK_GMP_2plus_EThcD150_25_5
20250731_LUMOS_CPR_LeXN_SA_GLTDEEYDEFKK_GMP_2plus_EThcD150_35,1,EThcD,150,35,909.8,2,0.004303678,-1,105.3893301,0,GLTDEEY(pG|6)DEFKK,NA,20250731_LUMOS_CPR_LeXN_SA_GLTDEEYDEFKK_GMP_2plus_EThcD150_35_1
20250731_LUMOS_CPR_LeXN_SA_GLTDEEYDEFKK_GMP_2plus_EThcD150_35,2,EThcD,150,35,909.8,2,0.01441239,-1,105.3893301,0,GLTDEEY(pG|6)DEFKK,NA,20250731_LUMOS_CPR_LeXN_SA_GLTDEEYDEFKK_GMP_2plus_EThcD150_35_2
20250731_LUMOS_CPR_LeXN_SA_GLTDEEYDEFKK_GMP_2plus_EThcD150_35,3,EThcD,150,35,909.8,2,0.024521,-1,105.3893301,0,GLTDEEY(pG|6)DEFKK,NA,20250731_LUMOS_CPR_LeXN_SA_GLTDEEYDEFKK_GMP_2plus_EThcD150_35_3
20250731_LUMOS_CPR_LeXN_SA_GLTDEEYDEFKK_GMP_2plus_EThcD150_35,4,EThcD,150,35,909.8,2,0.03462907,-1,105.3893301,0,GLTDEEY(pG|6)DEFKK,NA,20250731_LUMOS_CPR_LeXN_SA_GLTDEEYDEFKK_GMP_2plus_EThcD150_35_4
20250731_LUMOS_CPR_LeXN_SA_GLTDEEYDEFKK_GMP_2plus_EThcD150_35,5,EThcD,150,35,909.8,2,0.04473707,-1,121.8151433,0,GLTDEEY(pG|6)DEFKK,NA,20250731_LUMOS_CPR_LeXN_SA_GLTDEEYDEFKK_GMP_2plus_EThcD150_35_5
20250731_LUMOS_CPR_LeXN_SA_GLTDEEYDEFKK_GMP_2plus_EThcD200_15,1,EThcD,200,15,909.8,2,0.004303978,-1,36.48065227,0,GLTDEEY(pG|6)DEFKK,NA,20250731_LUMOS_CPR_LeXN_SA_GLTDEEYDEFKK_GMP_2plus_EThcD200_15_1
20250731_LUMOS_CPR_LeXN_SA_GLTDEEYDEFKK_GMP_2plus_EThcD200_15,2,EThcD,200,15,909.8,2,0.01524397,-1,36.48065227,0,GLTDEEY(pG|6)DEFKK,NA,20250731_LUMOS_CPR_LeXN_SA_GLTDEEYDEFKK_GMP_2plus_EThcD200_15_2
20250731_LUMOS_CPR_LeXN_SA_GLTDEEYDEFKK_GMP_2plus_EThcD200_15,3,EThcD,200,15,909.8,2,0.02618427,-1,36.48065227,0,GLTDEEY(pG|6)DEFKK,NA,20250731_LUMOS_CPR_LeXN_SA_GLTDEEYDEFKK_GMP_2plus_EThcD200_15_3
20250731_LUMOS_CPR_LeXN_SA_GLTDEEYDEFKK_GMP_2plus_EThcD200_15,4,EThcD,200,15,909.8,2,0.03712499,-1,36.48065227,0,GLTDEEY(pG|6)DEFKK,NA,20250731_LUMOS_CPR_LeXN_SA_GLTDEEYDEFKK_GMP_2plus_EThcD200_15_4
20250731_LUMOS_CPR_LeXN_SA_GLTDEEYDEFKK_GMP_2plus_EThcD200_15,5,EThcD,200,15,909.8,2,0.0480657,-1,22.37502949,0,GLTDEEY(pG|6)DEFKK,NA,20250731_LUMOS_CPR_LeXN_SA_GLTDEEYDEFKK_GMP_2plus_EThcD200_15_5
20250731_LUMOS_CPR_LeXN_SA_GLTDEEYDEFKK_GMP_2plus_EThcD200_25,1,EThcD,200,25,909.8,2,0.004304547,-1,47.08181692,0,GLTDEEY(pG|6)DEFKK,NA,20250731_LUMOS_CPR_LeXN_SA_GLTDEEYDEFKK_GMP_2plus_EThcD200_25_1
20250731_LUMOS_CPR_LeXN_SA_GLTDEEYDEFKK_GMP_2plus_EThcD200_25,2,EThcD,200,25,909.8,2,0.01524405,-1,47.08181692,0,GLTDEEY(pG|6)DEFKK,NA,20250731_LUMOS_CPR_LeXN_SA_GLTDEEYDEFKK_GMP_2plus_EThcD200_25_2
20250731_LUMOS_CPR_LeXN_SA_GLTDEEYDEFKK_GMP_2plus_EThcD200_25,3,EThcD,200,25,909.8,2,0.02618375,-1,45.09352077,0,GLTDEEY(pG|6)DEFKK,NA,20250731_LUMOS_CPR_LeXN_SA_GLTDEEYDEFKK_GMP_2plus_EThcD200_25_3
20250731_LUMOS_CPR_LeXN_SA_GLTDEEYDEFKK_GMP_2plus_EThcD200_25,4,EThcD,200,25,909.8,2,0.03712411,-1,47.08181692,0,GLTDEEY(pG|6)DEFKK,NA,20250731_LUMOS_CPR_LeXN_SA_GLTDEEYDEFKK_GMP_2plus_EThcD200_25_4
20250731_LUMOS_CPR_LeXN_SA_GLTDEEYDEFKK_GMP_2plus_EThcD200_25,5,EThcD,200,25,909.8,2,0.04806419,-1,45.09352077,0,GLTDEEY(pG|6)DEFKK,NA,20250731_LUMOS_CPR_LeXN_SA_GLTDEEYDEFKK_GMP_2plus_EThcD200_25_5
20250731_LUMOS_CPR_LeXN_SA_GLTDEEYDEFKK_GMP_2plus_EThcD200_35,1,EThcD,200,35,909.8,2,0.004268897,-1,86.45507424,0,GLTDEEY(pG|6)DEFKK,NA,20250731_LUMOS_CPR_LeXN_SA_GLTDEEYDEFKK_GMP_2plus_EThcD200_35_1
20250731_LUMOS_CPR_LeXN_SA_GLTDEEYDEFKK_GMP_2plus_EThcD200_35,2,EThcD,200,35,909.8,2,0.01520982,-1,77.46787876,0,GLTDEEY(pG|6)DEFKK,NA,20250731_LUMOS_CPR_LeXN_SA_GLTDEEYDEFKK_GMP_2plus_EThcD200_35_2
20250731_LUMOS_CPR_LeXN_SA_GLTDEEYDEFKK_GMP_2plus_EThcD200_35,3,EThcD,200,35,909.8,2,0.02615083,-1,103.1313308,0,GLTDEEY(pG|6)DEFKK,NA,20250731_LUMOS_CPR_LeXN_SA_GLTDEEYDEFKK_GMP_2plus_EThcD200_35_3
20250731_LUMOS_CPR_LeXN_SA_GLTDEEYDEFKK_GMP_2plus_EThcD200_35,4,EThcD,200,35,909.8,2,0.03709292,-1,86.45507424,0,GLTDEEY(pG|6)DEFKK,NA,20250731_LUMOS_CPR_LeXN_SA_GLTDEEYDEFKK_GMP_2plus_EThcD200_35_4
20250731_LUMOS_CPR_LeXN_SA_GLTDEEYDEFKK_GMP_2plus_EThcD200_35,5,EThcD,200,35,909.8,2,0.04803452,-1,101.1486042,0,GLTDEEY(pG|6)DEFKK,NA,20250731_LUMOS_CPR_LeXN_SA_GLTDEEYDEFKK_GMP_2plus_EThcD200_35_5
20250731_LUMOS_CPR_LeXN_SA_GLTDEEYDEFKK_GMP_2plus_EThcD250_15,1,EThcD,250,15,909.8,2,0.004303814,-1,36.48065227,0,GLTDEEY(pG|6)DEFKK,NA,20250731_LUMOS_CPR_LeXN_SA_GLTDEEYDEFKK_GMP_2plus_EThcD250_15_1
20250731_LUMOS_CPR_LeXN_SA_GLTDEEYDEFKK_GMP_2plus_EThcD250_15,2,EThcD,250,15,909.8,2,0.01607615,-1,36.48065227,0,GLTDEEY(pG|6)DEFKK,NA,20250731_LUMOS_CPR_LeXN_SA_GLTDEEYDEFKK_GMP_2plus_EThcD250_15_2
20250731_LUMOS_CPR_LeXN_SA_GLTDEEYDEFKK_GMP_2plus_EThcD250_15,3,EThcD,250,15,909.8,2,0.02784874,-1,36.48065227,0,GLTDEEY(pG|6)DEFKK,NA,20250731_LUMOS_CPR_LeXN_SA_GLTDEEYDEFKK_GMP_2plus_EThcD250_15_3
20250731_LUMOS_CPR_LeXN_SA_GLTDEEYDEFKK_GMP_2plus_EThcD250_15,4,EThcD,250,15,909.8,2,0.03962168,-1,22.37502949,0,GLTDEEY(pG|6)DEFKK,NA,20250731_LUMOS_CPR_LeXN_SA_GLTDEEYDEFKK_GMP_2plus_EThcD250_15_4
20250731_LUMOS_CPR_LeXN_SA_GLTDEEYDEFKK_GMP_2plus_EThcD250_15,5,EThcD,250,15,909.8,2,0.05139477,-1,36.48065227,0,GLTDEEY(pG|6)DEFKK,NA,20250731_LUMOS_CPR_LeXN_SA_GLTDEEYDEFKK_GMP_2plus_EThcD250_15_5
20250731_LUMOS_CPR_LeXN_SA_GLTDEEYDEFKK_GMP_2plus_EThcD250_25,1,EThcD,250,25,909.8,2,0.004303134,-1,44.38230551,0,GLTDEEY(pG|6)DEFKK,NA,20250731_LUMOS_CPR_LeXN_SA_GLTDEEYDEFKK_GMP_2plus_EThcD250_25_1
20250731_LUMOS_CPR_LeXN_SA_GLTDEEYDEFKK_GMP_2plus_EThcD250_25,2,EThcD,250,25,909.8,2,0.01607645,-1,34.17389297,0,GLTDEEY(pG|6)DEFKK,NA,20250731_LUMOS_CPR_LeXN_SA_GLTDEEYDEFKK_GMP_2plus_EThcD250_25_2
20250731_LUMOS_CPR_LeXN_SA_GLTDEEYDEFKK_GMP_2plus_EThcD250_25,3,EThcD,250,25,909.8,2,0.02784966,-1,40.43166014,0,GLTDEEY(pG|6)DEFKK,NA,20250731_LUMOS_CPR_LeXN_SA_GLTDEEYDEFKK_GMP_2plus_EThcD250_25_3
20250731_LUMOS_CPR_LeXN_SA_GLTDEEYDEFKK_GMP_2plus_EThcD250_25,4,EThcD,250,25,909.8,2,0.03962246,-1,44.38230551,0,GLTDEEY(pG|6)DEFKK,NA,20250731_LUMOS_CPR_LeXN_SA_GLTDEEYDEFKK_GMP_2plus_EThcD250_25_4
20250731_LUMOS_CPR_LeXN_SA_GLTDEEYDEFKK_GMP_2plus_EThcD250_25,5,EThcD,250,25,909.8,2,0.05139604,-1,47.08181692,0,GLTDEEY(pG|6)DEFKK,NA,20250731_LUMOS_CPR_LeXN_SA_GLTDEEYDEFKK_GMP_2plus_EThcD250_25_5
20250731_LUMOS_CPR_LeXN_SA_GLTDEEYDEFKK_GMP_2plus_EThcD250_35,1,EThcD,250,35,909.8,2,0.004303767,-1,61.64829368,0,GLTDEEY(pG|6)DEFKK,NA,20250731_LUMOS_CPR_LeXN_SA_GLTDEEYDEFKK_GMP_2plus_EThcD250_35_1
20250731_LUMOS_CPR_LeXN_SA_GLTDEEYDEFKK_GMP_2plus_EThcD250_35,2,EThcD,250,35,909.8,2,0.01608177,-1,86.45507424,0,GLTDEEY(pG|6)DEFKK,NA,20250731_LUMOS_CPR_LeXN_SA_GLTDEEYDEFKK_GMP_2plus_EThcD250_35_2
20250731_LUMOS_CPR_LeXN_SA_GLTDEEYDEFKK_GMP_2plus_EThcD250_35,3,EThcD,250,35,909.8,2,0.02785574,-1,70.94205311,0,GLTDEEY(pG|6)DEFKK,NA,20250731_LUMOS_CPR_LeXN_SA_GLTDEEYDEFKK_GMP_2plus_EThcD250_35_3
20250731_LUMOS_CPR_LeXN_SA_GLTDEEYDEFKK_GMP_2plus_EThcD250_35,4,EThcD,250,35,909.8,2,0.03963106,-1,60.52813502,0,GLTDEEY(pG|6)DEFKK,NA,20250731_LUMOS_CPR_LeXN_SA_GLTDEEYDEFKK_GMP_2plus_EThcD250_35_4
20250731_LUMOS_CPR_LeXN_SA_GLTDEEYDEFKK_GMP_2plus_EThcD250_35,5,EThcD,250,35,909.8,2,0.05140567,-1,77.46787876,0,GLTDEEY(pG|6)DEFKK,NA,20250731_LUMOS_CPR_LeXN_SA_GLTDEEYDEFKK_GMP_2plus_EThcD250_35_5
20250731_LUMOS_CPR_LeXN_SA_GLTDEEYDEFKK_GMP_2plus_EThcD300_15,1,EThcD,300,15,909.8,2,0.004269293,-1,29.12585835,0,GLTDEEY(pG|6)DEFKK,NA,20250731_LUMOS_CPR_LeXN_SA_GLTDEEYDEFKK_GMP_2plus_EThcD300_15_1
20250731_LUMOS_CPR_LeXN_SA_GLTDEEYDEFKK_GMP_2plus_EThcD300_15,2,EThcD,300,15,909.8,2,0.01682128,-1,29.12585835,0,GLTDEEY(pG|6)DEFKK,NA,20250731_LUMOS_CPR_LeXN_SA_GLTDEEYDEFKK_GMP_2plus_EThcD300_15_2
20250731_LUMOS_CPR_LeXN_SA_GLTDEEYDEFKK_GMP_2plus_EThcD300_15,3,EThcD,300,15,909.8,2,0.02939134,-1,29.12585835,0,GLTDEEY(pG|6)DEFKK,NA,20250731_LUMOS_CPR_LeXN_SA_GLTDEEYDEFKK_GMP_2plus_EThcD300_15_3
20250731_LUMOS_CPR_LeXN_SA_GLTDEEYDEFKK_GMP_2plus_EThcD300_15,4,EThcD,300,15,909.8,2,0.04198699,-1,20.43921471,0,GLTDEEY(pG|6)DEFKK,NA,20250731_LUMOS_CPR_LeXN_SA_GLTDEEYDEFKK_GMP_2plus_EThcD300_15_4
20250731_LUMOS_CPR_LeXN_SA_GLTDEEYDEFKK_GMP_2plus_EThcD300_15,5,EThcD,300,15,909.8,2,0.05459224,-1,29.12585835,0,GLTDEEY(pG|6)DEFKK,NA,20250731_LUMOS_CPR_LeXN_SA_GLTDEEYDEFKK_GMP_2plus_EThcD300_15_5
20250731_LUMOS_CPR_LeXN_SA_GLTDEEYDEFKK_GMP_2plus_EThcD300_25,1,EThcD,300,25,909.8,2,0.00427029,-1,52.78432424,0,GLTDEEY(pG|6)DEFKK,NA,20250731_LUMOS_CPR_LeXN_SA_GLTDEEYDEFKK_GMP_2plus_EThcD300_25_1
20250731_LUMOS_CPR_LeXN_SA_GLTDEEYDEFKK_GMP_2plus_EThcD300_25,2,EThcD,300,25,909.8,2,0.01687744,-1,45.09352077,0,GLTDEEY(pG|6)DEFKK,NA,20250731_LUMOS_CPR_LeXN_SA_GLTDEEYDEFKK_GMP_2plus_EThcD300_25_2
20250731_LUMOS_CPR_LeXN_SA_GLTDEEYDEFKK_GMP_2plus_EThcD300_25,3,EThcD,300,25,909.8,2,0.02948412,-1,44.38230551,0,GLTDEEY(pG|6)DEFKK,NA,20250731_LUMOS_CPR_LeXN_SA_GLTDEEYDEFKK_GMP_2plus_EThcD300_25_3
20250731_LUMOS_CPR_LeXN_SA_GLTDEEYDEFKK_GMP_2plus_EThcD300_25,4,EThcD,300,25,909.8,2,0.04209211,-1,52.78432424,0,GLTDEEY(pG|6)DEFKK,NA,20250731_LUMOS_CPR_LeXN_SA_GLTDEEYDEFKK_GMP_2plus_EThcD300_25_4
20250731_LUMOS_CPR_LeXN_SA_GLTDEEYDEFKK_GMP_2plus_EThcD300_25,5,EThcD,300,25,909.8,2,0.05470011,-1,45.09352077,0,GLTDEEY(pG|6)DEFKK,NA,20250731_LUMOS_CPR_LeXN_SA_GLTDEEYDEFKK_GMP_2plus_EThcD300_25_5
20250731_LUMOS_CPR_LeXN_SA_GLTDEEYDEFKK_GMP_2plus_EThcD300_35_20250801022804,1,EThcD,300,35,909.8,2,0.004269292,-1,52.61190224,0,GLTDEEY(pG|6)DEFKK,NA,20250731_LUMOS_CPR_LeXN_SA_GLTDEEYDEFKK_GMP_2plus_EThcD300_35_20250801022804_1
20250731_LUMOS_CPR_LeXN_SA_GLTDEEYDEFKK_GMP_2plus_EThcD300_35_20250801022804,2,EThcD,300,35,909.8,2,0.01687784,-1,60.52813502,0,GLTDEEY(pG|6)DEFKK,NA,20250731_LUMOS_CPR_LeXN_SA_GLTDEEYDEFKK_GMP_2plus_EThcD300_35_20250801022804_2
20250731_LUMOS_CPR_LeXN_SA_GLTDEEYDEFKK_GMP_2plus_EThcD300_35_20250801022804,3,EThcD,300,35,909.8,2,0.02948658,-1,86.45507424,0,GLTDEEY(pG|6)DEFKK,NA,20250731_LUMOS_CPR_LeXN_SA_GLTDEEYDEFKK_GMP_2plus_EThcD300_35_20250801022804_3
20250731_LUMOS_CPR_LeXN_SA_GLTDEEYDEFKK_GMP_2plus_EThcD300_35_20250801022804,4,EThcD,300,35,909.8,2,0.04209503,-1,60.52813502,0,GLTDEEY(pG|6)DEFKK,NA,20250731_LUMOS_CPR_LeXN_SA_GLTDEEYDEFKK_GMP_2plus_EThcD300_35_20250801022804_4
20250731_LUMOS_CPR_LeXN_SA_GLTDEEYDEFKK_GMP_2plus_EThcD300_35_20250801022804,5,EThcD,300,35,909.8,2,0.05470331,-1,70.94205311,0,GLTDEEY(pG|6)DEFKK,NA,20250731_LUMOS_CPR_LeXN_SA_GLTDEEYDEFKK_GMP_2plus_EThcD300_35_20250801022804_5
20250731_LUMOS_CPR_LeXN_SA_GLTDEEYDEFKK_GMP_2plus_HCD00,1,HCD,NA,0,909.8,2,0.004302775,-1,3.008884647,0,GLTDEEY(pG|6)DEFKK,NA,20250731_LUMOS_CPR_LeXN_SA_GLTDEEYDEFKK_GMP_2plus_HCD00_1
20250731_LUMOS_CPR_LeXN_SA_GLTDEEYDEFKK_GMP_2plus_HCD00,2,HCD,NA,0,909.8,2,0.01044025,-1,4.652974259,0,GLTDEEY(pG|6)DEFKK,NA,20250731_LUMOS_CPR_LeXN_SA_GLTDEEYDEFKK_GMP_2plus_HCD00_2
20250731_LUMOS_CPR_LeXN_SA_GLTDEEYDEFKK_GMP_2plus_HCD00,3,HCD,NA,0,909.8,2,0.01661362,-1,8.187519555,0,GLTDEEY(pG|6)DEFKK,NA,20250731_LUMOS_CPR_LeXN_SA_GLTDEEYDEFKK_GMP_2plus_HCD00_3
20250731_LUMOS_CPR_LeXN_SA_GLTDEEYDEFKK_GMP_2plus_HCD00,4,HCD,NA,0,909.8,2,0.02271715,-1,3.008884647,0,GLTDEEY(pG|6)DEFKK,NA,20250731_LUMOS_CPR_LeXN_SA_GLTDEEYDEFKK_GMP_2plus_HCD00_4
20250731_LUMOS_CPR_LeXN_SA_GLTDEEYDEFKK_GMP_2plus_HCD00,5,HCD,NA,0,909.8,2,0.02888772,-1,3.008884647,0,GLTDEEY(pG|6)DEFKK,NA,20250731_LUMOS_CPR_LeXN_SA_GLTDEEYDEFKK_GMP_2plus_HCD00_5
20250731_LUMOS_CPR_LeXN_SA_GLTDEEYDEFKK_GMP_2plus_HCD10,1,HCD,NA,10,909.8,2,0.004303535,-1,8.187519555,0,GLTDEEY(pG|6)DEFKK,NA,20250731_LUMOS_CPR_LeXN_SA_GLTDEEYDEFKK_GMP_2plus_HCD10_1
20250731_LUMOS_CPR_LeXN_SA_GLTDEEYDEFKK_GMP_2plus_HCD10,2,HCD,NA,10,909.8,2,0.01039125,-1,8.187519555,0,GLTDEEY(pG|6)DEFKK,NA,20250731_LUMOS_CPR_LeXN_SA_GLTDEEYDEFKK_GMP_2plus_HCD10_2
20250731_LUMOS_CPR_LeXN_SA_GLTDEEYDEFKK_GMP_2plus_HCD10,3,HCD,NA,10,909.8,2,0.01651003,-1,8.187519555,0,GLTDEEY(pG|6)DEFKK,NA,20250731_LUMOS_CPR_LeXN_SA_GLTDEEYDEFKK_GMP_2plus_HCD10_3
20250731_LUMOS_CPR_LeXN_SA_GLTDEEYDEFKK_GMP_2plus_HCD10,4,HCD,NA,10,909.8,2,0.02264002,-1,14.92831846,0,GLTDEEY(pG|6)DEFKK,NA,20250731_LUMOS_CPR_LeXN_SA_GLTDEEYDEFKK_GMP_2plus_HCD10_4
20250731_LUMOS_CPR_LeXN_SA_GLTDEEYDEFKK_GMP_2plus_HCD10,5,HCD,NA,10,909.8,2,0.02884429,-1,8.187519555,0,GLTDEEY(pG|6)DEFKK,NA,20250731_LUMOS_CPR_LeXN_SA_GLTDEEYDEFKK_GMP_2plus_HCD10_5
20250731_LUMOS_CPR_LeXN_SA_GLTDEEYDEFKK_GMP_2plus_HCD20,1,HCD,NA,20,909.8,2,0.004303338,-1,192.6461575,0,GLTDEEY(pG|6)DEFKK,NA,20250731_LUMOS_CPR_LeXN_SA_GLTDEEYDEFKK_GMP_2plus_HCD20_1
20250731_LUMOS_CPR_LeXN_SA_GLTDEEYDEFKK_GMP_2plus_HCD20,2,HCD,NA,20,909.8,2,0.01044446,-1,148.5194966,0,GLTDEEY(pG|6)DEFKK,NA,20250731_LUMOS_CPR_LeXN_SA_GLTDEEYDEFKK_GMP_2plus_HCD20_2
20250731_LUMOS_CPR_LeXN_SA_GLTDEEYDEFKK_GMP_2plus_HCD20,3,HCD,NA,20,909.8,2,0.0166442,-1,182.3254213,0,GLTDEEY(pG|6)DEFKK,NA,20250731_LUMOS_CPR_LeXN_SA_GLTDEEYDEFKK_GMP_2plus_HCD20_3
20250731_LUMOS_CPR_LeXN_SA_GLTDEEYDEFKK_GMP_2plus_HCD20,4,HCD,NA,20,909.8,2,0.02283893,-1,192.1434134,0,GLTDEEY(pG|6)DEFKK,NA,20250731_LUMOS_CPR_LeXN_SA_GLTDEEYDEFKK_GMP_2plus_HCD20_4
20250731_LUMOS_CPR_LeXN_SA_GLTDEEYDEFKK_GMP_2plus_HCD20,5,HCD,NA,20,909.8,2,0.02893461,-1,147.6824105,0,GLTDEEY(pG|6)DEFKK,NA,20250731_LUMOS_CPR_LeXN_SA_GLTDEEYDEFKK_GMP_2plus_HCD20_5
20250731_LUMOS_CPR_LeXN_SA_GLTDEEYDEFKK_GMP_2plus_HCD25,1,HCD,NA,25,909.8,2,0.004303083,-1,240.3719155,0,GLTDEEY(pG|6)DEFKK,NA,20250731_LUMOS_CPR_LeXN_SA_GLTDEEYDEFKK_GMP_2plus_HCD25_1
20250731_LUMOS_CPR_LeXN_SA_GLTDEEYDEFKK_GMP_2plus_HCD25,2,HCD,NA,25,909.8,2,0.01041616,-1,264.6147792,0,GLTDEEY(pG|6)DEFKK,NA,20250731_LUMOS_CPR_LeXN_SA_GLTDEEYDEFKK_GMP_2plus_HCD25_2
20250731_LUMOS_CPR_LeXN_SA_GLTDEEYDEFKK_GMP_2plus_HCD25,3,HCD,NA,25,909.8,2,0.0165778,-1,252.3684338,0,GLTDEEY(pG|6)DEFKK,NA,20250731_LUMOS_CPR_LeXN_SA_GLTDEEYDEFKK_GMP_2plus_HCD25_3
20250731_LUMOS_CPR_LeXN_SA_GLTDEEYDEFKK_GMP_2plus_HCD25,4,HCD,NA,25,909.8,2,0.02265583,-1,230.2320817,0,GLTDEEY(pG|6)DEFKK,NA,20250731_LUMOS_CPR_LeXN_SA_GLTDEEYDEFKK_GMP_2plus_HCD25_4
20250731_LUMOS_CPR_LeXN_SA_GLTDEEYDEFKK_GMP_2plus_HCD25,5,HCD,NA,25,909.8,2,0.02890096,-1,227.0593856,0,GLTDEEY(pG|6)DEFKK,NA,20250731_LUMOS_CPR_LeXN_SA_GLTDEEYDEFKK_GMP_2plus_HCD25_5
20250731_LUMOS_CPR_LeXN_SA_GLTDEEYDEFKK_GMP_2plus_HCD27,1,HCD,NA,27,909.8,2,0.004303832,-1,217.1235325,0,GLTDEEY(pG|6)DEFKK,NA,20250731_LUMOS_CPR_LeXN_SA_GLTDEEYDEFKK_GMP_2plus_HCD27_1
20250731_LUMOS_CPR_LeXN_SA_GLTDEEYDEFKK_GMP_2plus_HCD27,2,HCD,NA,27,909.8,2,0.01055886,-1,194.1242331,0,GLTDEEY(pG|6)DEFKK,NA,20250731_LUMOS_CPR_LeXN_SA_GLTDEEYDEFKK_GMP_2plus_HCD27_2
20250731_LUMOS_CPR_LeXN_SA_GLTDEEYDEFKK_GMP_2plus_HCD27,3,HCD,NA,27,909.8,2,0.01667935,-1,213.7335441,0,GLTDEEY(pG|6)DEFKK,NA,20250731_LUMOS_CPR_LeXN_SA_GLTDEEYDEFKK_GMP_2plus_HCD27_3
20250731_LUMOS_CPR_LeXN_SA_GLTDEEYDEFKK_GMP_2plus_HCD27,4,HCD,NA,27,909.8,2,0.02282498,-1,227.0593856,0,GLTDEEY(pG|6)DEFKK,NA,20250731_LUMOS_CPR_LeXN_SA_GLTDEEYDEFKK_GMP_2plus_HCD27_4
20250731_LUMOS_CPR_LeXN_SA_GLTDEEYDEFKK_GMP_2plus_HCD27,5,HCD,NA,27,909.8,2,0.02889982,-1,209.2478506,0,GLTDEEY(pG|6)DEFKK,NA,20250731_LUMOS_CPR_LeXN_SA_GLTDEEYDEFKK_GMP_2plus_HCD27_5
20250731_LUMOS_CPR_LeXN_SA_GLTDEEYDEFKK_GMP_2plus_HCD29,1,HCD,NA,29,909.8,2,0.004299651,-1,184.105067,0,GLTDEEY(pG|6)DEFKK,NA,20250731_LUMOS_CPR_LeXN_SA_GLTDEEYDEFKK_GMP_2plus_HCD29_1
20250731_LUMOS_CPR_LeXN_SA_GLTDEEYDEFKK_GMP_2plus_HCD29,2,HCD,NA,29,909.8,2,0.01045047,-1,184.105067,0,GLTDEEY(pG|6)DEFKK,NA,20250731_LUMOS_CPR_LeXN_SA_GLTDEEYDEFKK_GMP_2plus_HCD29_2
20250731_LUMOS_CPR_LeXN_SA_GLTDEEYDEFKK_GMP_2plus_HCD29,3,HCD,NA,29,909.8,2,0.01662811,-1,192.3493601,0,GLTDEEY(pG|6)DEFKK,NA,20250731_LUMOS_CPR_LeXN_SA_GLTDEEYDEFKK_GMP_2plus_HCD29_3
20250731_LUMOS_CPR_LeXN_SA_GLTDEEYDEFKK_GMP_2plus_HCD29,4,HCD,NA,29,909.8,2,0.02273551,-1,187.7416349,0,GLTDEEY(pG|6)DEFKK,NA,20250731_LUMOS_CPR_LeXN_SA_GLTDEEYDEFKK_GMP_2plus_HCD29_4
20250731_LUMOS_CPR_LeXN_SA_GLTDEEYDEFKK_GMP_2plus_HCD29,5,HCD,NA,29,909.8,2,0.02886375,-1,184.105067,0,GLTDEEY(pG|6)DEFKK,NA,20250731_LUMOS_CPR_LeXN_SA_GLTDEEYDEFKK_GMP_2plus_HCD29_5
20250731_LUMOS_CPR_LeXN_SA_GLTDEEYDEFKK_GMP_2plus_HCD31_20250801023325,1,HCD,NA,31,909.8,2,0.004270085,-1,173.5940987,0,GLTDEEY(pG|6)DEFKK,NA,20250731_LUMOS_CPR_LeXN_SA_GLTDEEYDEFKK_GMP_2plus_HCD31_20250801023325_1
20250731_LUMOS_CPR_LeXN_SA_GLTDEEYDEFKK_GMP_2plus_HCD31_20250801023325,2,HCD,NA,31,909.8,2,0.01046558,-1,160.4795035,0,GLTDEEY(pG|6)DEFKK,NA,20250731_LUMOS_CPR_LeXN_SA_GLTDEEYDEFKK_GMP_2plus_HCD31_20250801023325_2
20250731_LUMOS_CPR_LeXN_SA_GLTDEEYDEFKK_GMP_2plus_HCD31_20250801023325,3,HCD,NA,31,909.8,2,0.01652048,-1,163.3321937,0,GLTDEEY(pG|6)DEFKK,NA,20250731_LUMOS_CPR_LeXN_SA_GLTDEEYDEFKK_GMP_2plus_HCD31_20250801023325_3
20250731_LUMOS_CPR_LeXN_SA_GLTDEEYDEFKK_GMP_2plus_HCD31_20250801023325,4,HCD,NA,31,909.8,2,0.02263186,-1,143.5619566,0,GLTDEEY(pG|6)DEFKK,NA,20250731_LUMOS_CPR_LeXN_SA_GLTDEEYDEFKK_GMP_2plus_HCD31_20250801023325_4
20250731_LUMOS_CPR_LeXN_SA_GLTDEEYDEFKK_GMP_2plus_HCD31_20250801023325,5,HCD,NA,31,909.8,2,0.02865898,-1,163.3321937,0,GLTDEEY(pG|6)DEFKK,NA,20250731_LUMOS_CPR_LeXN_SA_GLTDEEYDEFKK_GMP_2plus_HCD31_20250801023325_5
20250731_LUMOS_CPR_LeXN_SA_GLTDEEYDEFKK_GMP_2plus_HCD33,1,HCD,NA,33,909.8,2,0.004300419,-1,143.5619566,0,GLTDEEY(pG|6)DEFKK,NA,20250731_LUMOS_CPR_LeXN_SA_GLTDEEYDEFKK_GMP_2plus_HCD33_1
20250731_LUMOS_CPR_LeXN_SA_GLTDEEYDEFKK_GMP_2plus_HCD33,2,HCD,NA,33,909.8,2,0.01040208,-1,134.1282172,0,GLTDEEY(pG|6)DEFKK,NA,20250731_LUMOS_CPR_LeXN_SA_GLTDEEYDEFKK_GMP_2plus_HCD33_2
20250731_LUMOS_CPR_LeXN_SA_GLTDEEYDEFKK_GMP_2plus_HCD33,3,HCD,NA,33,909.8,2,0.0165025,-1,153.3208424,0,GLTDEEY(pG|6)DEFKK,NA,20250731_LUMOS_CPR_LeXN_SA_GLTDEEYDEFKK_GMP_2plus_HCD33_3
20250731_LUMOS_CPR_LeXN_SA_GLTDEEYDEFKK_GMP_2plus_HCD33,4,HCD,NA,33,909.8,2,0.02257364,-1,153.3208424,0,GLTDEEY(pG|6)DEFKK,NA,20250731_LUMOS_CPR_LeXN_SA_GLTDEEYDEFKK_GMP_2plus_HCD33_4
20250731_LUMOS_CPR_LeXN_SA_GLTDEEYDEFKK_GMP_2plus_HCD33,5,HCD,NA,33,909.8,2,0.02870242,-1,143.5619566,0,GLTDEEY(pG|6)DEFKK,NA,20250731_LUMOS_CPR_LeXN_SA_GLTDEEYDEFKK_GMP_2plus_HCD33_5
20250731_LUMOS_CPR_LeXN_SA_GLTDEEYDEFKK_GMP_2plus_HCD35,1,HCD,NA,35,909.8,2,0.0043099,-1,130.7811225,0,GLTDEEY(pG|6)DEFKK,NA,20250731_LUMOS_CPR_LeXN_SA_GLTDEEYDEFKK_GMP_2plus_HCD35_1
20250731_LUMOS_CPR_LeXN_SA_GLTDEEYDEFKK_GMP_2plus_HCD35,2,HCD,NA,35,909.8,2,0.01035802,-1,147.6955692,0,GLTDEEY(pG|6)DEFKK,NA,20250731_LUMOS_CPR_LeXN_SA_GLTDEEYDEFKK_GMP_2plus_HCD35_2
20250731_LUMOS_CPR_LeXN_SA_GLTDEEYDEFKK_GMP_2plus_HCD35,3,HCD,NA,35,909.8,2,0.01645355,-1,143.5619566,0,GLTDEEY(pG|6)DEFKK,NA,20250731_LUMOS_CPR_LeXN_SA_GLTDEEYDEFKK_GMP_2plus_HCD35_3
20250731_LUMOS_CPR_LeXN_SA_GLTDEEYDEFKK_GMP_2plus_HCD35,4,HCD,NA,35,909.8,2,0.02249221,-1,134.0578873,0,GLTDEEY(pG|6)DEFKK,NA,20250731_LUMOS_CPR_LeXN_SA_GLTDEEYDEFKK_GMP_2plus_HCD35_4
20250731_LUMOS_CPR_LeXN_SA_GLTDEEYDEFKK_GMP_2plus_HCD35,5,HCD,NA,35,909.8,2,0.02862472,-1,124.8114459,0,GLTDEEY(pG|6)DEFKK,NA,20250731_LUMOS_CPR_LeXN_SA_GLTDEEYDEFKK_GMP_2plus_HCD35_5
20250731_LUMOS_CPR_LeXN_SA_GLTDEEYDEFKK_GMP_2plus_HCD40,1,HCD,NA,40,909.8,2,0.004299551,-1,71.07995223,0,GLTDEEY(pG|6)DEFKK,NA,20250731_LUMOS_CPR_LeXN_SA_GLTDEEYDEFKK_GMP_2plus_HCD40_1
20250731_LUMOS_CPR_LeXN_SA_GLTDEEYDEFKK_GMP_2plus_HCD40,2,HCD,NA,40,909.8,2,0.01045571,-1,74.29609946,0,GLTDEEY(pG|6)DEFKK,NA,20250731_LUMOS_CPR_LeXN_SA_GLTDEEYDEFKK_GMP_2plus_HCD40_2
20250731_LUMOS_CPR_LeXN_SA_GLTDEEYDEFKK_GMP_2plus_HCD40,3,HCD,NA,40,909.8,2,0.01654352,-1,74.96639391,0,GLTDEEY(pG|6)DEFKK,NA,20250731_LUMOS_CPR_LeXN_SA_GLTDEEYDEFKK_GMP_2plus_HCD40_3
20250731_LUMOS_CPR_LeXN_SA_GLTDEEYDEFKK_GMP_2plus_HCD40,4,HCD,NA,40,909.8,2,0.02261086,-1,84.94552643,0,GLTDEEY(pG|6)DEFKK,NA,20250731_LUMOS_CPR_LeXN_SA_GLTDEEYDEFKK_GMP_2plus_HCD40_4
20250731_LUMOS_CPR_LeXN_SA_GLTDEEYDEFKK_GMP_2plus_HCD40,5,HCD,NA,40,909.8,2,0.02872842,-1,83.06113713,0,GLTDEEY(pG|6)DEFKK,NA,20250731_LUMOS_CPR_LeXN_SA_GLTDEEYDEFKK_GMP_2plus_HCD40_5
20250731_LUMOS_CPR_LeXN_SA_GLTDEEYDEFKK_GMP_3plus_ETD50,1,ETD,50,NA,606.9,3,0.004258413,-1,166.0861804,0,GLTDEEY(pG|6)DEFKK,NA,20250731_LUMOS_CPR_LeXN_SA_GLTDEEYDEFKK_GMP_3plus_ETD50_1
20250731_LUMOS_CPR_LeXN_SA_GLTDEEYDEFKK_GMP_3plus_ETD50,2,ETD,50,NA,606.9,3,0.0114163,-1,166.0861804,0,GLTDEEY(pG|6)DEFKK,NA,20250731_LUMOS_CPR_LeXN_SA_GLTDEEYDEFKK_GMP_3plus_ETD50_2
20250731_LUMOS_CPR_LeXN_SA_GLTDEEYDEFKK_GMP_3plus_ETD50,3,ETD,50,NA,606.9,3,0.01863483,-1,143.3771901,0,GLTDEEY(pG|6)DEFKK,NA,20250731_LUMOS_CPR_LeXN_SA_GLTDEEYDEFKK_GMP_3plus_ETD50_3
20250731_LUMOS_CPR_LeXN_SA_GLTDEEYDEFKK_GMP_3plus_ETD50,4,ETD,50,NA,606.9,3,0.02586043,-1,154.5955024,0,GLTDEEY(pG|6)DEFKK,NA,20250731_LUMOS_CPR_LeXN_SA_GLTDEEYDEFKK_GMP_3plus_ETD50_4
20250731_LUMOS_CPR_LeXN_SA_GLTDEEYDEFKK_GMP_3plus_ETD50,5,ETD,50,NA,606.9,3,0.03300678,-1,177.8427846,0,GLTDEEY(pG|6)DEFKK,NA,20250731_LUMOS_CPR_LeXN_SA_GLTDEEYDEFKK_GMP_3plus_ETD50_5
20250731_LUMOS_CPR_LeXN_SA_GLTDEEYDEFKK_GMP_3plus_ETD100,1,ETD,100,NA,606.9,3,0.004302969,-1,143.3771901,0,GLTDEEY(pG|6)DEFKK,NA,20250731_LUMOS_CPR_LeXN_SA_GLTDEEYDEFKK_GMP_3plus_ETD100_1
20250731_LUMOS_CPR_LeXN_SA_GLTDEEYDEFKK_GMP_3plus_ETD100,2,ETD,100,NA,606.9,3,0.01227184,-1,121.7873966,0,GLTDEEY(pG|6)DEFKK,NA,20250731_LUMOS_CPR_LeXN_SA_GLTDEEYDEFKK_GMP_3plus_ETD100_2
20250731_LUMOS_CPR_LeXN_SA_GLTDEEYDEFKK_GMP_3plus_ETD100,3,ETD,100,NA,606.9,3,0.02033503,-1,143.3771901,0,GLTDEEY(pG|6)DEFKK,NA,20250731_LUMOS_CPR_LeXN_SA_GLTDEEYDEFKK_GMP_3plus_ETD100_3
20250731_LUMOS_CPR_LeXN_SA_GLTDEEYDEFKK_GMP_3plus_ETD100,4,ETD,100,NA,606.9,3,0.02836543,-1,143.3771901,0,GLTDEEY(pG|6)DEFKK,NA,20250731_LUMOS_CPR_LeXN_SA_GLTDEEYDEFKK_GMP_3plus_ETD100_4
20250731_LUMOS_CPR_LeXN_SA_GLTDEEYDEFKK_GMP_3plus_ETD100,5,ETD,100,NA,606.9,3,0.03640611,-1,121.7873966,0,GLTDEEY(pG|6)DEFKK,NA,20250731_LUMOS_CPR_LeXN_SA_GLTDEEYDEFKK_GMP_3plus_ETD100_5
20250731_LUMOS_CPR_LeXN_SA_GLTDEEYDEFKK_GMP_3plus_ETD150,1,ETD,150,NA,606.9,3,0.004304176,-1,132.4384587,0,GLTDEEY(pG|6)DEFKK,NA,20250731_LUMOS_CPR_LeXN_SA_GLTDEEYDEFKK_GMP_3plus_ETD150_1
20250731_LUMOS_CPR_LeXN_SA_GLTDEEYDEFKK_GMP_3plus_ETD150,2,ETD,150,NA,606.9,3,0.0131208,-1,143.3771901,0,GLTDEEY(pG|6)DEFKK,NA,20250731_LUMOS_CPR_LeXN_SA_GLTDEEYDEFKK_GMP_3plus_ETD150_2
20250731_LUMOS_CPR_LeXN_SA_GLTDEEYDEFKK_GMP_3plus_ETD150,3,ETD,150,NA,606.9,3,0.0219847,-1,111.4330813,0,GLTDEEY(pG|6)DEFKK,NA,20250731_LUMOS_CPR_LeXN_SA_GLTDEEYDEFKK_GMP_3plus_ETD150_3
20250731_LUMOS_CPR_LeXN_SA_GLTDEEYDEFKK_GMP_3plus_ETD150,4,ETD,150,NA,606.9,3,0.03087891,-1,143.3771901,0,GLTDEEY(pG|6)DEFKK,NA,20250731_LUMOS_CPR_LeXN_SA_GLTDEEYDEFKK_GMP_3plus_ETD150_4
20250731_LUMOS_CPR_LeXN_SA_GLTDEEYDEFKK_GMP_3plus_ETD150,5,ETD,150,NA,606.9,3,0.03974548,-1,121.7873966,0,GLTDEEY(pG|6)DEFKK,NA,20250731_LUMOS_CPR_LeXN_SA_GLTDEEYDEFKK_GMP_3plus_ETD150_5
20250731_LUMOS_CPR_LeXN_SA_GLTDEEYDEFKK_GMP_3plus_ETD200,1,ETD,200,NA,606.9,3,0.004267483,-1,101.3857203,0,GLTDEEY(pG|6)DEFKK,NA,20250731_LUMOS_CPR_LeXN_SA_GLTDEEYDEFKK_GMP_3plus_ETD200_1
20250731_LUMOS_CPR_LeXN_SA_GLTDEEYDEFKK_GMP_3plus_ETD200,2,ETD,200,NA,606.9,3,0.01404005,-1,84.87359296,0,GLTDEEY(pG|6)DEFKK,NA,20250731_LUMOS_CPR_LeXN_SA_GLTDEEYDEFKK_GMP_3plus_ETD200_2
20250731_LUMOS_CPR_LeXN_SA_GLTDEEYDEFKK_GMP_3plus_ETD200,3,ETD,200,NA,606.9,3,0.02370777,-1,91.65682163,0,GLTDEEY(pG|6)DEFKK,NA,20250731_LUMOS_CPR_LeXN_SA_GLTDEEYDEFKK_GMP_3plus_ETD200_3
20250731_LUMOS_CPR_LeXN_SA_GLTDEEYDEFKK_GMP_3plus_ETD200,4,ETD,200,NA,606.9,3,0.03340953,-1,101.3857203,0,GLTDEEY(pG|6)DEFKK,NA,20250731_LUMOS_CPR_LeXN_SA_GLTDEEYDEFKK_GMP_3plus_ETD200_4
20250731_LUMOS_CPR_LeXN_SA_GLTDEEYDEFKK_GMP_3plus_ETD200,5,ETD,200,NA,606.9,3,0.04313446,-1,84.87359296,0,GLTDEEY(pG|6)DEFKK,NA,20250731_LUMOS_CPR_LeXN_SA_GLTDEEYDEFKK_GMP_3plus_ETD200_5
20250731_LUMOS_CPR_LeXN_SA_GLTDEEYDEFKK_GMP_3plus_ETD250,1,ETD,250,NA,606.9,3,0.004303436,-1,74.78567884,0,GLTDEEY(pG|6)DEFKK,NA,20250731_LUMOS_CPR_LeXN_SA_GLTDEEYDEFKK_GMP_3plus_ETD250_1
20250731_LUMOS_CPR_LeXN_SA_GLTDEEYDEFKK_GMP_3plus_ETD250,2,ETD,250,NA,606.9,3,0.01484678,-1,82.25940242,0,GLTDEEY(pG|6)DEFKK,NA,20250731_LUMOS_CPR_LeXN_SA_GLTDEEYDEFKK_GMP_3plus_ETD250_2
20250731_LUMOS_CPR_LeXN_SA_GLTDEEYDEFKK_GMP_3plus_ETD250,3,ETD,250,NA,606.9,3,0.02543648,-1,84.87359296,0,GLTDEEY(pG|6)DEFKK,NA,20250731_LUMOS_CPR_LeXN_SA_GLTDEEYDEFKK_GMP_3plus_ETD250_3
20250731_LUMOS_CPR_LeXN_SA_GLTDEEYDEFKK_GMP_3plus_ETD250,4,ETD,250,NA,606.9,3,0.03603627,-1,55.86435131,0,GLTDEEY(pG|6)DEFKK,NA,20250731_LUMOS_CPR_LeXN_SA_GLTDEEYDEFKK_GMP_3plus_ETD250_4
20250731_LUMOS_CPR_LeXN_SA_GLTDEEYDEFKK_GMP_3plus_ETD250,5,ETD,250,NA,606.9,3,0.04651204,-1,82.58958278,0,GLTDEEY(pG|6)DEFKK,NA,20250731_LUMOS_CPR_LeXN_SA_GLTDEEYDEFKK_GMP_3plus_ETD250_5
20250731_LUMOS_CPR_LeXN_SA_GLTDEEYDEFKK_GMP_3plus_ETD300,1,ETD,300,NA,606.9,3,0.004303476,-1,84.87359296,0,GLTDEEY(pG|6)DEFKK,NA,20250731_LUMOS_CPR_LeXN_SA_GLTDEEYDEFKK_GMP_3plus_ETD300_1
20250731_LUMOS_CPR_LeXN_SA_GLTDEEYDEFKK_GMP_3plus_ETD300,2,ETD,300,NA,606.9,3,0.01568436,-1,84.87359296,0,GLTDEEY(pG|6)DEFKK,NA,20250731_LUMOS_CPR_LeXN_SA_GLTDEEYDEFKK_GMP_3plus_ETD300_2
20250731_LUMOS_CPR_LeXN_SA_GLTDEEYDEFKK_GMP_3plus_ETD300,3,ETD,300,NA,606.9,3,0.02703098,-1,101.3857203,0,GLTDEEY(pG|6)DEFKK,NA,20250731_LUMOS_CPR_LeXN_SA_GLTDEEYDEFKK_GMP_3plus_ETD300_3
20250731_LUMOS_CPR_LeXN_SA_GLTDEEYDEFKK_GMP_3plus_ETD300,4,ETD,300,NA,606.9,3,0.03850848,-1,74.78567884,0,GLTDEEY(pG|6)DEFKK,NA,20250731_LUMOS_CPR_LeXN_SA_GLTDEEYDEFKK_GMP_3plus_ETD300_4
20250731_LUMOS_CPR_LeXN_SA_GLTDEEYDEFKK_GMP_3plus_ETD300,5,ETD,300,NA,606.9,3,0.04985765,-1,74.78567884,0,GLTDEEY(pG|6)DEFKK,NA,20250731_LUMOS_CPR_LeXN_SA_GLTDEEYDEFKK_GMP_3plus_ETD300_5
20250731_LUMOS_CPR_LeXN_SA_GLTDEEYDEFKK_GMP_3plus_EThcD50_15,1,EThcD,50,15,606.9,3,0.004303782,-1,173.026119,0,GLTDEEY(pG|6)DEFKK,NA,20250731_LUMOS_CPR_LeXN_SA_GLTDEEYDEFKK_GMP_3plus_EThcD50_15_1
20250731_LUMOS_CPR_LeXN_SA_GLTDEEYDEFKK_GMP_3plus_EThcD50_15,2,EThcD,50,15,606.9,3,0.01160612,-1,169.3689064,0,GLTDEEY(pG|6)DEFKK,NA,20250731_LUMOS_CPR_LeXN_SA_GLTDEEYDEFKK_GMP_3plus_EThcD50_15_2
20250731_LUMOS_CPR_LeXN_SA_GLTDEEYDEFKK_GMP_3plus_EThcD50_15,3,EThcD,50,15,606.9,3,0.01899611,-1,168.1043337,0,GLTDEEY(pG|6)DEFKK,NA,20250731_LUMOS_CPR_LeXN_SA_GLTDEEYDEFKK_GMP_3plus_EThcD50_15_3
20250731_LUMOS_CPR_LeXN_SA_GLTDEEYDEFKK_GMP_3plus_EThcD50_15,4,EThcD,50,15,606.9,3,0.02627194,-1,183.99549,0,GLTDEEY(pG|6)DEFKK,NA,20250731_LUMOS_CPR_LeXN_SA_GLTDEEYDEFKK_GMP_3plus_EThcD50_15_4
20250731_LUMOS_CPR_LeXN_SA_GLTDEEYDEFKK_GMP_3plus_EThcD50_15,5,EThcD,50,15,606.9,3,0.03350486,-1,190.435349,0,GLTDEEY(pG|6)DEFKK,NA,20250731_LUMOS_CPR_LeXN_SA_GLTDEEYDEFKK_GMP_3plus_EThcD50_15_5
20250731_LUMOS_CPR_LeXN_SA_GLTDEEYDEFKK_GMP_3plus_EThcD50_25,1,EThcD,50,25,606.9,3,0.004263285,-1,178.1394473,0,GLTDEEY(pG|6)DEFKK,NA,20250731_LUMOS_CPR_LeXN_SA_GLTDEEYDEFKK_GMP_3plus_EThcD50_25_1
20250731_LUMOS_CPR_LeXN_SA_GLTDEEYDEFKK_GMP_3plus_EThcD50_25,2,EThcD,50,25,606.9,3,0.01151337,-1,188.1925907,0,GLTDEEY(pG|6)DEFKK,NA,20250731_LUMOS_CPR_LeXN_SA_GLTDEEYDEFKK_GMP_3plus_EThcD50_25_2
20250731_LUMOS_CPR_LeXN_SA_GLTDEEYDEFKK_GMP_3plus_EThcD50_25,3,EThcD,50,25,606.9,3,0.01879571,-1,178.1394473,0,GLTDEEY(pG|6)DEFKK,NA,20250731_LUMOS_CPR_LeXN_SA_GLTDEEYDEFKK_GMP_3plus_EThcD50_25_3
20250731_LUMOS_CPR_LeXN_SA_GLTDEEYDEFKK_GMP_3plus_EThcD50_25,4,EThcD,50,25,606.9,3,0.02604739,-1,169.3689064,0,GLTDEEY(pG|6)DEFKK,NA,20250731_LUMOS_CPR_LeXN_SA_GLTDEEYDEFKK_GMP_3plus_EThcD50_25_4
20250731_LUMOS_CPR_LeXN_SA_GLTDEEYDEFKK_GMP_3plus_EThcD50_25,5,EThcD,50,25,606.9,3,0.03332469,-1,198.86732,0,GLTDEEY(pG|6)DEFKK,NA,20250731_LUMOS_CPR_LeXN_SA_GLTDEEYDEFKK_GMP_3plus_EThcD50_25_5
20250731_LUMOS_CPR_LeXN_SA_GLTDEEYDEFKK_GMP_3plus_EThcD50_35,1,EThcD,50,35,606.9,3,0.004263797,-1,142.569989,0,GLTDEEY(pG|6)DEFKK,NA,20250731_LUMOS_CPR_LeXN_SA_GLTDEEYDEFKK_GMP_3plus_EThcD50_35_1
20250731_LUMOS_CPR_LeXN_SA_GLTDEEYDEFKK_GMP_3plus_EThcD50_35,2,EThcD,50,35,606.9,3,0.01149728,-1,158.291469,0,GLTDEEY(pG|6)DEFKK,NA,20250731_LUMOS_CPR_LeXN_SA_GLTDEEYDEFKK_GMP_3plus_EThcD50_35_2
20250731_LUMOS_CPR_LeXN_SA_GLTDEEYDEFKK_GMP_3plus_EThcD50_35,3,EThcD,50,35,606.9,3,0.01888407,-1,169.3689064,0,GLTDEEY(pG|6)DEFKK,NA,20250731_LUMOS_CPR_LeXN_SA_GLTDEEYDEFKK_GMP_3plus_EThcD50_35_3
20250731_LUMOS_CPR_LeXN_SA_GLTDEEYDEFKK_GMP_3plus_EThcD50_35,4,EThcD,50,35,606.9,3,0.02615862,-1,158.291469,0,GLTDEEY(pG|6)DEFKK,NA,20250731_LUMOS_CPR_LeXN_SA_GLTDEEYDEFKK_GMP_3plus_EThcD50_35_4
20250731_LUMOS_CPR_LeXN_SA_GLTDEEYDEFKK_GMP_3plus_EThcD50_35,5,EThcD,50,35,606.9,3,0.03343379,-1,158.291469,0,GLTDEEY(pG|6)DEFKK,NA,20250731_LUMOS_CPR_LeXN_SA_GLTDEEYDEFKK_GMP_3plus_EThcD50_35_5
20250731_LUMOS_CPR_LeXN_SA_GLTDEEYDEFKK_GMP_3plus_EThcD100_15,1,EThcD,100,15,606.9,3,0.004303318,-1,162.2928472,0,GLTDEEY(pG|6)DEFKK,NA,20250731_LUMOS_CPR_LeXN_SA_GLTDEEYDEFKK_GMP_3plus_EThcD100_15_1
20250731_LUMOS_CPR_LeXN_SA_GLTDEEYDEFKK_GMP_3plus_EThcD100_15,2,EThcD,100,15,606.9,3,0.01246387,-1,179.7894838,0,GLTDEEY(pG|6)DEFKK,NA,20250731_LUMOS_CPR_LeXN_SA_GLTDEEYDEFKK_GMP_3plus_EThcD100_15_2
20250731_LUMOS_CPR_LeXN_SA_GLTDEEYDEFKK_GMP_3plus_EThcD100_15,3,EThcD,100,15,606.9,3,0.02058142,-1,162.2928472,0,GLTDEEY(pG|6)DEFKK,NA,20250731_LUMOS_CPR_LeXN_SA_GLTDEEYDEFKK_GMP_3plus_EThcD100_15_3
20250731_LUMOS_CPR_LeXN_SA_GLTDEEYDEFKK_GMP_3plus_EThcD100_15,4,EThcD,100,15,606.9,3,0.02871154,-1,169.3689064,0,GLTDEEY(pG|6)DEFKK,NA,20250731_LUMOS_CPR_LeXN_SA_GLTDEEYDEFKK_GMP_3plus_EThcD100_15_4
20250731_LUMOS_CPR_LeXN_SA_GLTDEEYDEFKK_GMP_3plus_EThcD100_15,5,EThcD,100,15,606.9,3,0.03680344,-1,190.435349,0,GLTDEEY(pG|6)DEFKK,NA,20250731_LUMOS_CPR_LeXN_SA_GLTDEEYDEFKK_GMP_3plus_EThcD100_15_5
20250731_LUMOS_CPR_LeXN_SA_GLTDEEYDEFKK_GMP_3plus_EThcD100_25,1,EThcD,100,25,606.9,3,0.00426977,-1,160.6296588,0,GLTDEEY(pG|6)DEFKK,NA,20250731_LUMOS_CPR_LeXN_SA_GLTDEEYDEFKK_GMP_3plus_EThcD100_25_1
20250731_LUMOS_CPR_LeXN_SA_GLTDEEYDEFKK_GMP_3plus_EThcD100_25,2,EThcD,100,25,606.9,3,0.01242161,-1,159.1766792,0,GLTDEEY(pG|6)DEFKK,NA,20250731_LUMOS_CPR_LeXN_SA_GLTDEEYDEFKK_GMP_3plus_EThcD100_25_2
20250731_LUMOS_CPR_LeXN_SA_GLTDEEYDEFKK_GMP_3plus_EThcD100_25,3,EThcD,100,25,606.9,3,0.02051454,-1,149.2162398,0,GLTDEEY(pG|6)DEFKK,NA,20250731_LUMOS_CPR_LeXN_SA_GLTDEEYDEFKK_GMP_3plus_EThcD100_25_3
20250731_LUMOS_CPR_LeXN_SA_GLTDEEYDEFKK_GMP_3plus_EThcD100_25,4,EThcD,100,25,606.9,3,0.02870537,-1,159.1766792,0,GLTDEEY(pG|6)DEFKK,NA,20250731_LUMOS_CPR_LeXN_SA_GLTDEEYDEFKK_GMP_3plus_EThcD100_25_4
20250731_LUMOS_CPR_LeXN_SA_GLTDEEYDEFKK_GMP_3plus_EThcD100_25,5,EThcD,100,25,606.9,3,0.03690989,-1,179.7894838,0,GLTDEEY(pG|6)DEFKK,NA,20250731_LUMOS_CPR_LeXN_SA_GLTDEEYDEFKK_GMP_3plus_EThcD100_25_5
20250731_LUMOS_CPR_LeXN_SA_GLTDEEYDEFKK_GMP_3plus_EThcD100_35,1,EThcD,100,35,606.9,3,0.004299417,-1,149.58734,0,GLTDEEY(pG|6)DEFKK,NA,20250731_LUMOS_CPR_LeXN_SA_GLTDEEYDEFKK_GMP_3plus_EThcD100_35_1
20250731_LUMOS_CPR_LeXN_SA_GLTDEEYDEFKK_GMP_3plus_EThcD100_35,2,EThcD,100,35,606.9,3,0.01233118,-1,131.6078909,0,GLTDEEY(pG|6)DEFKK,NA,20250731_LUMOS_CPR_LeXN_SA_GLTDEEYDEFKK_GMP_3plus_EThcD100_35_2
20250731_LUMOS_CPR_LeXN_SA_GLTDEEYDEFKK_GMP_3plus_EThcD100_35,3,EThcD,100,35,606.9,3,0.0204821,-1,122.9579355,0,GLTDEEY(pG|6)DEFKK,NA,20250731_LUMOS_CPR_LeXN_SA_GLTDEEYDEFKK_GMP_3plus_EThcD100_35_3
20250731_LUMOS_CPR_LeXN_SA_GLTDEEYDEFKK_GMP_3plus_EThcD100_35,4,EThcD,100,35,606.9,3,0.02856977,-1,132.0067475,0,GLTDEEY(pG|6)DEFKK,NA,20250731_LUMOS_CPR_LeXN_SA_GLTDEEYDEFKK_GMP_3plus_EThcD100_35_4
20250731_LUMOS_CPR_LeXN_SA_GLTDEEYDEFKK_GMP_3plus_EThcD100_35,5,EThcD,100,35,606.9,3,0.03666551,-1,158.291469,0,GLTDEEY(pG|6)DEFKK,NA,20250731_LUMOS_CPR_LeXN_SA_GLTDEEYDEFKK_GMP_3plus_EThcD100_35_5
20250731_LUMOS_CPR_LeXN_SA_GLTDEEYDEFKK_GMP_3plus_EThcD150_15_20250801022141,1,EThcD,150,15,606.9,3,0.004303587,-1,162.2928472,0,GLTDEEY(pG|6)DEFKK,NA,20250731_LUMOS_CPR_LeXN_SA_GLTDEEYDEFKK_GMP_3plus_EThcD150_15_20250801022141_1
20250731_LUMOS_CPR_LeXN_SA_GLTDEEYDEFKK_GMP_3plus_EThcD150_15_20250801022141,2,EThcD,150,15,606.9,3,0.0133286,-1,141.5524458,0,GLTDEEY(pG|6)DEFKK,NA,20250731_LUMOS_CPR_LeXN_SA_GLTDEEYDEFKK_GMP_3plus_EThcD150_15_20250801022141_2
20250731_LUMOS_CPR_LeXN_SA_GLTDEEYDEFKK_GMP_3plus_EThcD150_15_20250801022141,3,EThcD,150,15,606.9,3,0.02227904,-1,131.5555047,0,GLTDEEY(pG|6)DEFKK,NA,20250731_LUMOS_CPR_LeXN_SA_GLTDEEYDEFKK_GMP_3plus_EThcD150_15_20250801022141_3
20250731_LUMOS_CPR_LeXN_SA_GLTDEEYDEFKK_GMP_3plus_EThcD150_15_20250801022141,4,EThcD,150,15,606.9,3,0.03123769,-1,162.2928472,0,GLTDEEY(pG|6)DEFKK,NA,20250731_LUMOS_CPR_LeXN_SA_GLTDEEYDEFKK_GMP_3plus_EThcD150_15_20250801022141_4
20250731_LUMOS_CPR_LeXN_SA_GLTDEEYDEFKK_GMP_3plus_EThcD150_15_20250801022141,5,EThcD,150,15,606.9,3,0.04024976,-1,146.7766197,0,GLTDEEY(pG|6)DEFKK,NA,20250731_LUMOS_CPR_LeXN_SA_GLTDEEYDEFKK_GMP_3plus_EThcD150_15_20250801022141_5
20250731_LUMOS_CPR_LeXN_SA_GLTDEEYDEFKK_GMP_3plus_EThcD150_25,1,EThcD,150,25,606.9,3,0.004303624,-1,136.0140063,0,GLTDEEY(pG|6)DEFKK,NA,20250731_LUMOS_CPR_LeXN_SA_GLTDEEYDEFKK_GMP_3plus_EThcD150_25_1
20250731_LUMOS_CPR_LeXN_SA_GLTDEEYDEFKK_GMP_3plus_EThcD150_25,2,EThcD,150,25,606.9,3,0.01324091,-1,136.0140063,0,GLTDEEY(pG|6)DEFKK,NA,20250731_LUMOS_CPR_LeXN_SA_GLTDEEYDEFKK_GMP_3plus_EThcD150_25_2
20250731_LUMOS_CPR_LeXN_SA_GLTDEEYDEFKK_GMP_3plus_EThcD150_25,3,EThcD,150,25,606.9,3,0.02223531,-1,151.8000139,0,GLTDEEY(pG|6)DEFKK,NA,20250731_LUMOS_CPR_LeXN_SA_GLTDEEYDEFKK_GMP_3plus_EThcD150_25_3
20250731_LUMOS_CPR_LeXN_SA_GLTDEEYDEFKK_GMP_3plus_EThcD150_25,4,EThcD,150,25,606.9,3,0.03115258,-1,146.7766197,0,GLTDEEY(pG|6)DEFKK,NA,20250731_LUMOS_CPR_LeXN_SA_GLTDEEYDEFKK_GMP_3plus_EThcD150_25_4
20250731_LUMOS_CPR_LeXN_SA_GLTDEEYDEFKK_GMP_3plus_EThcD150_25,5,EThcD,150,25,606.9,3,0.04010252,-1,151.8000139,0,GLTDEEY(pG|6)DEFKK,NA,20250731_LUMOS_CPR_LeXN_SA_GLTDEEYDEFKK_GMP_3plus_EThcD150_25_5
20250731_LUMOS_CPR_LeXN_SA_GLTDEEYDEFKK_GMP_3plus_EThcD150_35,1,EThcD,150,35,606.9,3,0.004303699,-1,112.3637943,0,GLTDEEY(pG|6)DEFKK,NA,20250731_LUMOS_CPR_LeXN_SA_GLTDEEYDEFKK_GMP_3plus_EThcD150_35_1
20250731_LUMOS_CPR_LeXN_SA_GLTDEEYDEFKK_GMP_3plus_EThcD150_35,2,EThcD,150,35,606.9,3,0.01328936,-1,139.4914296,0,GLTDEEY(pG|6)DEFKK,NA,20250731_LUMOS_CPR_LeXN_SA_GLTDEEYDEFKK_GMP_3plus_EThcD150_35_2
20250731_LUMOS_CPR_LeXN_SA_GLTDEEYDEFKK_GMP_3plus_EThcD150_35,3,EThcD,150,35,606.9,3,0.02232435,-1,141.5524458,0,GLTDEEY(pG|6)DEFKK,NA,20250731_LUMOS_CPR_LeXN_SA_GLTDEEYDEFKK_GMP_3plus_EThcD150_35_3
20250731_LUMOS_CPR_LeXN_SA_GLTDEEYDEFKK_GMP_3plus_EThcD150_35,4,EThcD,150,35,606.9,3,0.03120708,-1,103.1313308,0,GLTDEEY(pG|6)DEFKK,NA,20250731_LUMOS_CPR_LeXN_SA_GLTDEEYDEFKK_GMP_3plus_EThcD150_35_4
20250731_LUMOS_CPR_LeXN_SA_GLTDEEYDEFKK_GMP_3plus_EThcD150_35,5,EThcD,150,35,606.9,3,0.04026484,-1,125.5228754,0,GLTDEEY(pG|6)DEFKK,NA,20250731_LUMOS_CPR_LeXN_SA_GLTDEEYDEFKK_GMP_3plus_EThcD150_35_5
20250731_LUMOS_CPR_LeXN_SA_GLTDEEYDEFKK_GMP_3plus_EThcD200_15,1,EThcD,200,15,606.9,3,0.004264424,-1,125.5228754,0,GLTDEEY(pG|6)DEFKK,NA,20250731_LUMOS_CPR_LeXN_SA_GLTDEEYDEFKK_GMP_3plus_EThcD200_15_1
20250731_LUMOS_CPR_LeXN_SA_GLTDEEYDEFKK_GMP_3plus_EThcD200_15,2,EThcD,200,15,606.9,3,0.01406951,-1,105.3893301,0,GLTDEEY(pG|6)DEFKK,NA,20250731_LUMOS_CPR_LeXN_SA_GLTDEEYDEFKK_GMP_3plus_EThcD200_15_2
20250731_LUMOS_CPR_LeXN_SA_GLTDEEYDEFKK_GMP_3plus_EThcD200_15,3,EThcD,200,15,606.9,3,0.02389716,-1,105.3893301,0,GLTDEEY(pG|6)DEFKK,NA,20250731_LUMOS_CPR_LeXN_SA_GLTDEEYDEFKK_GMP_3plus_EThcD200_15_3
20250731_LUMOS_CPR_LeXN_SA_GLTDEEYDEFKK_GMP_3plus_EThcD200_15,4,EThcD,200,15,606.9,3,0.03365579,-1,157.8032433,0,GLTDEEY(pG|6)DEFKK,NA,20250731_LUMOS_CPR_LeXN_SA_GLTDEEYDEFKK_GMP_3plus_EThcD200_15_4
20250731_LUMOS_CPR_LeXN_SA_GLTDEEYDEFKK_GMP_3plus_EThcD200_15,5,EThcD,200,15,606.9,3,0.04354181,-1,105.3893301,0,GLTDEEY(pG|6)DEFKK,NA,20250731_LUMOS_CPR_LeXN_SA_GLTDEEYDEFKK_GMP_3plus_EThcD200_15_5
20250731_LUMOS_CPR_LeXN_SA_GLTDEEYDEFKK_GMP_3plus_EThcD200_25,1,EThcD,200,25,606.9,3,0.004303586,-1,121.8151433,0,GLTDEEY(pG|6)DEFKK,NA,20250731_LUMOS_CPR_LeXN_SA_GLTDEEYDEFKK_GMP_3plus_EThcD200_25_1
20250731_LUMOS_CPR_LeXN_SA_GLTDEEYDEFKK_GMP_3plus_EThcD200_25,2,EThcD,200,25,606.9,3,0.01405939,-1,95.76661137,0,GLTDEEY(pG|6)DEFKK,NA,20250731_LUMOS_CPR_LeXN_SA_GLTDEEYDEFKK_GMP_3plus_EThcD200_25_2
20250731_LUMOS_CPR_LeXN_SA_GLTDEEYDEFKK_GMP_3plus_EThcD200_25,3,EThcD,200,25,606.9,3,0.02395584,-1,121.8151433,0,GLTDEEY(pG|6)DEFKK,NA,20250731_LUMOS_CPR_LeXN_SA_GLTDEEYDEFKK_GMP_3plus_EThcD200_25_3
20250731_LUMOS_CPR_LeXN_SA_GLTDEEYDEFKK_GMP_3plus_EThcD200_25,4,EThcD,200,25,606.9,3,0.03371971,-1,105.3893301,0,GLTDEEY(pG|6)DEFKK,NA,20250731_LUMOS_CPR_LeXN_SA_GLTDEEYDEFKK_GMP_3plus_EThcD200_25_4
20250731_LUMOS_CPR_LeXN_SA_GLTDEEYDEFKK_GMP_3plus_EThcD200_25,5,EThcD,200,25,606.9,3,0.04356758,-1,125.5228754,0,GLTDEEY(pG|6)DEFKK,NA,20250731_LUMOS_CPR_LeXN_SA_GLTDEEYDEFKK_GMP_3plus_EThcD200_25_5
20250731_LUMOS_CPR_LeXN_SA_GLTDEEYDEFKK_GMP_3plus_EThcD200_35,1,EThcD,200,35,606.9,3,0.004303817,-1,94.56925893,0,GLTDEEY(pG|6)DEFKK,NA,20250731_LUMOS_CPR_LeXN_SA_GLTDEEYDEFKK_GMP_3plus_EThcD200_35_1
20250731_LUMOS_CPR_LeXN_SA_GLTDEEYDEFKK_GMP_3plus_EThcD200_35,2,EThcD,200,35,606.9,3,0.01411962,-1,103.1313308,0,GLTDEEY(pG|6)DEFKK,NA,20250731_LUMOS_CPR_LeXN_SA_GLTDEEYDEFKK_GMP_3plus_EThcD200_35_2
20250731_LUMOS_CPR_LeXN_SA_GLTDEEYDEFKK_GMP_3plus_EThcD200_35,3,EThcD,200,35,606.9,3,0.02394916,-1,103.1313308,0,GLTDEEY(pG|6)DEFKK,NA,20250731_LUMOS_CPR_LeXN_SA_GLTDEEYDEFKK_GMP_3plus_EThcD200_35_3
20250731_LUMOS_CPR_LeXN_SA_GLTDEEYDEFKK_GMP_3plus_EThcD200_35,4,EThcD,200,35,606.9,3,0.03369555,-1,103.1313308,0,GLTDEEY(pG|6)DEFKK,NA,20250731_LUMOS_CPR_LeXN_SA_GLTDEEYDEFKK_GMP_3plus_EThcD200_35_4
20250731_LUMOS_CPR_LeXN_SA_GLTDEEYDEFKK_GMP_3plus_EThcD200_35,5,EThcD,200,35,606.9,3,0.04350472,-1,94.56925893,0,GLTDEEY(pG|6)DEFKK,NA,20250731_LUMOS_CPR_LeXN_SA_GLTDEEYDEFKK_GMP_3plus_EThcD200_35_5
20250731_LUMOS_CPR_LeXN_SA_GLTDEEYDEFKK_GMP_3plus_EThcD250_15,1,EThcD,250,15,606.9,3,0.004303923,-1,105.3893301,0,GLTDEEY(pG|6)DEFKK,NA,20250731_LUMOS_CPR_LeXN_SA_GLTDEEYDEFKK_GMP_3plus_EThcD250_15_1
20250731_LUMOS_CPR_LeXN_SA_GLTDEEYDEFKK_GMP_3plus_EThcD250_15,2,EThcD,250,15,606.9,3,0.01490218,-1,86.45507424,0,GLTDEEY(pG|6)DEFKK,NA,20250731_LUMOS_CPR_LeXN_SA_GLTDEEYDEFKK_GMP_3plus_EThcD250_15_2
20250731_LUMOS_CPR_LeXN_SA_GLTDEEYDEFKK_GMP_3plus_EThcD250_15,3,EThcD,250,15,606.9,3,0.02553537,-1,90.71391941,0,GLTDEEY(pG|6)DEFKK,NA,20250731_LUMOS_CPR_LeXN_SA_GLTDEEYDEFKK_GMP_3plus_EThcD250_15_3
20250731_LUMOS_CPR_LeXN_SA_GLTDEEYDEFKK_GMP_3plus_EThcD250_15,4,EThcD,250,15,606.9,3,0.03615483,-1,86.45507424,0,GLTDEEY(pG|6)DEFKK,NA,20250731_LUMOS_CPR_LeXN_SA_GLTDEEYDEFKK_GMP_3plus_EThcD250_15_4
20250731_LUMOS_CPR_LeXN_SA_GLTDEEYDEFKK_GMP_3plus_EThcD250_15,5,EThcD,250,15,606.9,3,0.04671802,-1,95.76661137,0,GLTDEEY(pG|6)DEFKK,NA,20250731_LUMOS_CPR_LeXN_SA_GLTDEEYDEFKK_GMP_3plus_EThcD250_15_5
20250731_LUMOS_CPR_LeXN_SA_GLTDEEYDEFKK_GMP_3plus_EThcD250_25,1,EThcD,250,25,606.9,3,0.004302609,-1,121.8151433,0,GLTDEEY(pG|6)DEFKK,NA,20250731_LUMOS_CPR_LeXN_SA_GLTDEEYDEFKK_GMP_3plus_EThcD250_25_1
20250731_LUMOS_CPR_LeXN_SA_GLTDEEYDEFKK_GMP_3plus_EThcD250_25,2,EThcD,250,25,606.9,3,0.01499289,-1,95.76661137,0,GLTDEEY(pG|6)DEFKK,NA,20250731_LUMOS_CPR_LeXN_SA_GLTDEEYDEFKK_GMP_3plus_EThcD250_25_2
20250731_LUMOS_CPR_LeXN_SA_GLTDEEYDEFKK_GMP_3plus_EThcD250_25,3,EThcD,250,25,606.9,3,0.02555411,-1,95.76661137,0,GLTDEEY(pG|6)DEFKK,NA,20250731_LUMOS_CPR_LeXN_SA_GLTDEEYDEFKK_GMP_3plus_EThcD250_25_3
20250731_LUMOS_CPR_LeXN_SA_GLTDEEYDEFKK_GMP_3plus_EThcD250_25,4,EThcD,250,25,606.9,3,0.03618789,-1,77.46787876,0,GLTDEEY(pG|6)DEFKK,NA,20250731_LUMOS_CPR_LeXN_SA_GLTDEEYDEFKK_GMP_3plus_EThcD250_25_4
20250731_LUMOS_CPR_LeXN_SA_GLTDEEYDEFKK_GMP_3plus_EThcD250_25,5,EThcD,250,25,606.9,3,0.04679845,-1,121.8151433,0,GLTDEEY(pG|6)DEFKK,NA,20250731_LUMOS_CPR_LeXN_SA_GLTDEEYDEFKK_GMP_3plus_EThcD250_25_5
20250731_LUMOS_CPR_LeXN_SA_GLTDEEYDEFKK_GMP_3plus_EThcD250_35,1,EThcD,250,35,606.9,3,0.00430363,-1,86.45507424,0,GLTDEEY(pG|6)DEFKK,NA,20250731_LUMOS_CPR_LeXN_SA_GLTDEEYDEFKK_GMP_3plus_EThcD250_35_1
20250731_LUMOS_CPR_LeXN_SA_GLTDEEYDEFKK_GMP_3plus_EThcD250_35,2,EThcD,250,35,606.9,3,0.01493167,-1,77.46787876,0,GLTDEEY(pG|6)DEFKK,NA,20250731_LUMOS_CPR_LeXN_SA_GLTDEEYDEFKK_GMP_3plus_EThcD250_35_2
20250731_LUMOS_CPR_LeXN_SA_GLTDEEYDEFKK_GMP_3plus_EThcD250_35,3,EThcD,250,35,606.9,3,0.02557731,-1,69.18822547,0,GLTDEEY(pG|6)DEFKK,NA,20250731_LUMOS_CPR_LeXN_SA_GLTDEEYDEFKK_GMP_3plus_EThcD250_35_3
20250731_LUMOS_CPR_LeXN_SA_GLTDEEYDEFKK_GMP_3plus_EThcD250_35,4,EThcD,250,35,606.9,3,0.03615732,-1,120.7662883,0,GLTDEEY(pG|6)DEFKK,NA,20250731_LUMOS_CPR_LeXN_SA_GLTDEEYDEFKK_GMP_3plus_EThcD250_35_4
20250731_LUMOS_CPR_LeXN_SA_GLTDEEYDEFKK_GMP_3plus_EThcD250_35,5,EThcD,250,35,606.9,3,0.04685882,-1,86.45507424,0,GLTDEEY(pG|6)DEFKK,NA,20250731_LUMOS_CPR_LeXN_SA_GLTDEEYDEFKK_GMP_3plus_EThcD250_35_5
20250731_LUMOS_CPR_LeXN_SA_GLTDEEYDEFKK_GMP_3plus_EThcD300_15,1,EThcD,300,15,606.9,3,0.004303946,-1,80.63836352,0,GLTDEEY(pG|6)DEFKK,NA,20250731_LUMOS_CPR_LeXN_SA_GLTDEEYDEFKK_GMP_3plus_EThcD300_15_1
20250731_LUMOS_CPR_LeXN_SA_GLTDEEYDEFKK_GMP_3plus_EThcD300_15,2,EThcD,300,15,606.9,3,0.01577132,-1,61.64829368,0,GLTDEEY(pG|6)DEFKK,NA,20250731_LUMOS_CPR_LeXN_SA_GLTDEEYDEFKK_GMP_3plus_EThcD300_15_2
20250731_LUMOS_CPR_LeXN_SA_GLTDEEYDEFKK_GMP_3plus_EThcD300_15,3,EThcD,300,15,606.9,3,0.02719281,-1,105.3893301,0,GLTDEEY(pG|6)DEFKK,NA,20250731_LUMOS_CPR_LeXN_SA_GLTDEEYDEFKK_GMP_3plus_EThcD300_15_3
20250731_LUMOS_CPR_LeXN_SA_GLTDEEYDEFKK_GMP_3plus_EThcD300_15,4,EThcD,300,15,606.9,3,0.03873312,-1,52.78432424,0,GLTDEEY(pG|6)DEFKK,NA,20250731_LUMOS_CPR_LeXN_SA_GLTDEEYDEFKK_GMP_3plus_EThcD300_15_4
20250731_LUMOS_CPR_LeXN_SA_GLTDEEYDEFKK_GMP_3plus_EThcD300_15,5,EThcD,300,15,606.9,3,0.05017147,-1,80.63836352,0,GLTDEEY(pG|6)DEFKK,NA,20250731_LUMOS_CPR_LeXN_SA_GLTDEEYDEFKK_GMP_3plus_EThcD300_15_5
20250731_LUMOS_CPR_LeXN_SA_GLTDEEYDEFKK_GMP_3plus_EThcD300_25,1,EThcD,300,25,606.9,3,0.004303768,-1,68.81991899,0,GLTDEEY(pG|6)DEFKK,NA,20250731_LUMOS_CPR_LeXN_SA_GLTDEEYDEFKK_GMP_3plus_EThcD300_25_1
20250731_LUMOS_CPR_LeXN_SA_GLTDEEYDEFKK_GMP_3plus_EThcD300_25,2,EThcD,300,25,606.9,3,0.0157413,-1,77.46787876,0,GLTDEEY(pG|6)DEFKK,NA,20250731_LUMOS_CPR_LeXN_SA_GLTDEEYDEFKK_GMP_3plus_EThcD300_25_2
20250731_LUMOS_CPR_LeXN_SA_GLTDEEYDEFKK_GMP_3plus_EThcD300_25,3,EThcD,300,25,606.9,3,0.02728019,-1,52.78432424,0,GLTDEEY(pG|6)DEFKK,NA,20250731_LUMOS_CPR_LeXN_SA_GLTDEEYDEFKK_GMP_3plus_EThcD300_25_3
20250731_LUMOS_CPR_LeXN_SA_GLTDEEYDEFKK_GMP_3plus_EThcD300_25,4,EThcD,300,25,606.9,3,0.03868679,-1,95.76661137,0,GLTDEEY(pG|6)DEFKK,NA,20250731_LUMOS_CPR_LeXN_SA_GLTDEEYDEFKK_GMP_3plus_EThcD300_25_4
20250731_LUMOS_CPR_LeXN_SA_GLTDEEYDEFKK_GMP_3plus_EThcD300_25,5,EThcD,300,25,606.9,3,0.05013084,-1,69.18822547,0,GLTDEEY(pG|6)DEFKK,NA,20250731_LUMOS_CPR_LeXN_SA_GLTDEEYDEFKK_GMP_3plus_EThcD300_25_5
20250731_LUMOS_CPR_LeXN_SA_GLTDEEYDEFKK_GMP_3plus_EThcD300_35,1,EThcD,300,35,606.9,3,0.004269617,-1,52.61190224,0,GLTDEEY(pG|6)DEFKK,NA,20250731_LUMOS_CPR_LeXN_SA_GLTDEEYDEFKK_GMP_3plus_EThcD300_35_1
20250731_LUMOS_CPR_LeXN_SA_GLTDEEYDEFKK_GMP_3plus_EThcD300_35,2,EThcD,300,35,606.9,3,0.01572364,-1,54.10325978,0,GLTDEEY(pG|6)DEFKK,NA,20250731_LUMOS_CPR_LeXN_SA_GLTDEEYDEFKK_GMP_3plus_EThcD300_35_2
20250731_LUMOS_CPR_LeXN_SA_GLTDEEYDEFKK_GMP_3plus_EThcD300_35,3,EThcD,300,35,606.9,3,0.02725586,-1,86.45507424,0,GLTDEEY(pG|6)DEFKK,NA,20250731_LUMOS_CPR_LeXN_SA_GLTDEEYDEFKK_GMP_3plus_EThcD300_35_3
20250731_LUMOS_CPR_LeXN_SA_GLTDEEYDEFKK_GMP_3plus_EThcD300_35,4,EThcD,300,35,606.9,3,0.03869927,-1,45.09352077,0,GLTDEEY(pG|6)DEFKK,NA,20250731_LUMOS_CPR_LeXN_SA_GLTDEEYDEFKK_GMP_3plus_EThcD300_35_4
20250731_LUMOS_CPR_LeXN_SA_GLTDEEYDEFKK_GMP_3plus_EThcD300_35,5,EThcD,300,35,606.9,3,0.05014191,-1,45.09352077,0,GLTDEEY(pG|6)DEFKK,NA,20250731_LUMOS_CPR_LeXN_SA_GLTDEEYDEFKK_GMP_3plus_EThcD300_35_5
20250731_LUMOS_CPR_LeXN_SA_GLTDEEYDEFKK_GMP_3plus_HCD00,1,HCD,NA,0,606.9,3,0.004304061,-1,13.03740141,0,GLTDEEY(pG|6)DEFKK,NA,20250731_LUMOS_CPR_LeXN_SA_GLTDEEYDEFKK_GMP_3plus_HCD00_1
20250731_LUMOS_CPR_LeXN_SA_GLTDEEYDEFKK_GMP_3plus_HCD00,2,HCD,NA,0,606.9,3,0.009578738,-1,19.03585525,0,GLTDEEY(pG|6)DEFKK,NA,20250731_LUMOS_CPR_LeXN_SA_GLTDEEYDEFKK_GMP_3plus_HCD00_2
20250731_LUMOS_CPR_LeXN_SA_GLTDEEYDEFKK_GMP_3plus_HCD00,3,HCD,NA,0,606.9,3,0.01484199,-1,7.954155391,0,GLTDEEY(pG|6)DEFKK,NA,20250731_LUMOS_CPR_LeXN_SA_GLTDEEYDEFKK_GMP_3plus_HCD00_3
20250731_LUMOS_CPR_LeXN_SA_GLTDEEYDEFKK_GMP_3plus_HCD00,4,HCD,NA,0,606.9,3,0.02010401,-1,7.954155391,0,GLTDEEY(pG|6)DEFKK,NA,20250731_LUMOS_CPR_LeXN_SA_GLTDEEYDEFKK_GMP_3plus_HCD00_4
20250731_LUMOS_CPR_LeXN_SA_GLTDEEYDEFKK_GMP_3plus_HCD00,5,HCD,NA,0,606.9,3,0.02538184,-1,19.03585525,0,GLTDEEY(pG|6)DEFKK,NA,20250731_LUMOS_CPR_LeXN_SA_GLTDEEYDEFKK_GMP_3plus_HCD00_5
20250731_LUMOS_CPR_LeXN_SA_GLTDEEYDEFKK_GMP_3plus_HCD10,1,HCD,NA,10,606.9,3,0.004303259,-1,36.59284313,0,GLTDEEY(pG|6)DEFKK,NA,20250731_LUMOS_CPR_LeXN_SA_GLTDEEYDEFKK_GMP_3plus_HCD10_1
20250731_LUMOS_CPR_LeXN_SA_GLTDEEYDEFKK_GMP_3plus_HCD10,2,HCD,NA,10,606.9,3,0.009576223,-1,36.59284313,0,GLTDEEY(pG|6)DEFKK,NA,20250731_LUMOS_CPR_LeXN_SA_GLTDEEYDEFKK_GMP_3plus_HCD10_2
20250731_LUMOS_CPR_LeXN_SA_GLTDEEYDEFKK_GMP_3plus_HCD10,3,HCD,NA,10,606.9,3,0.01483665,-1,29.68652554,0,GLTDEEY(pG|6)DEFKK,NA,20250731_LUMOS_CPR_LeXN_SA_GLTDEEYDEFKK_GMP_3plus_HCD10_3
20250731_LUMOS_CPR_LeXN_SA_GLTDEEYDEFKK_GMP_3plus_HCD10,4,HCD,NA,10,606.9,3,0.02007721,-1,33.30792145,0,GLTDEEY(pG|6)DEFKK,NA,20250731_LUMOS_CPR_LeXN_SA_GLTDEEYDEFKK_GMP_3plus_HCD10_4
20250731_LUMOS_CPR_LeXN_SA_GLTDEEYDEFKK_GMP_3plus_HCD10,5,HCD,NA,10,606.9,3,0.02532502,-1,36.59284313,0,GLTDEEY(pG|6)DEFKK,NA,20250731_LUMOS_CPR_LeXN_SA_GLTDEEYDEFKK_GMP_3plus_HCD10_5
20250731_LUMOS_CPR_LeXN_SA_GLTDEEYDEFKK_GMP_3plus_HCD20,1,HCD,NA,20,606.9,3,0.0043041,-1,218.4954819,0,GLTDEEY(pG|6)DEFKK,NA,20250731_LUMOS_CPR_LeXN_SA_GLTDEEYDEFKK_GMP_3plus_HCD20_1
20250731_LUMOS_CPR_LeXN_SA_GLTDEEYDEFKK_GMP_3plus_HCD20,2,HCD,NA,20,606.9,3,0.009570146,-1,206.1819025,0,GLTDEEY(pG|6)DEFKK,NA,20250731_LUMOS_CPR_LeXN_SA_GLTDEEYDEFKK_GMP_3plus_HCD20_2
20250731_LUMOS_CPR_LeXN_SA_GLTDEEYDEFKK_GMP_3plus_HCD20,3,HCD,NA,20,606.9,3,0.01482907,-1,256.9492561,0,GLTDEEY(pG|6)DEFKK,NA,20250731_LUMOS_CPR_LeXN_SA_GLTDEEYDEFKK_GMP_3plus_HCD20_3
20250731_LUMOS_CPR_LeXN_SA_GLTDEEYDEFKK_GMP_3plus_HCD20,4,HCD,NA,20,606.9,3,0.02010438,-1,215.3405454,0,GLTDEEY(pG|6)DEFKK,NA,20250731_LUMOS_CPR_LeXN_SA_GLTDEEYDEFKK_GMP_3plus_HCD20_4
20250731_LUMOS_CPR_LeXN_SA_GLTDEEYDEFKK_GMP_3plus_HCD20,5,HCD,NA,20,606.9,3,0.02535215,-1,192.6461575,0,GLTDEEY(pG|6)DEFKK,NA,20250731_LUMOS_CPR_LeXN_SA_GLTDEEYDEFKK_GMP_3plus_HCD20_5
20250731_LUMOS_CPR_LeXN_SA_GLTDEEYDEFKK_GMP_3plus_HCD25,1,HCD,NA,25,606.9,3,0.004303939,-1,203.8692341,0,GLTDEEY(pG|6)DEFKK,NA,20250731_LUMOS_CPR_LeXN_SA_GLTDEEYDEFKK_GMP_3plus_HCD25_1
20250731_LUMOS_CPR_LeXN_SA_GLTDEEYDEFKK_GMP_3plus_HCD25,2,HCD,NA,25,606.9,3,0.009560257,-1,205.8702685,0,GLTDEEY(pG|6)DEFKK,NA,20250731_LUMOS_CPR_LeXN_SA_GLTDEEYDEFKK_GMP_3plus_HCD25_2
20250731_LUMOS_CPR_LeXN_SA_GLTDEEYDEFKK_GMP_3plus_HCD25,3,HCD,NA,25,606.9,3,0.01483815,-1,203.6998577,0,GLTDEEY(pG|6)DEFKK,NA,20250731_LUMOS_CPR_LeXN_SA_GLTDEEYDEFKK_GMP_3plus_HCD25_3
20250731_LUMOS_CPR_LeXN_SA_GLTDEEYDEFKK_GMP_3plus_HCD25,4,HCD,NA,25,606.9,3,0.02009374,-1,187.7416349,0,GLTDEEY(pG|6)DEFKK,NA,20250731_LUMOS_CPR_LeXN_SA_GLTDEEYDEFKK_GMP_3plus_HCD25_4
20250731_LUMOS_CPR_LeXN_SA_GLTDEEYDEFKK_GMP_3plus_HCD25,5,HCD,NA,25,606.9,3,0.02535265,-1,209.2478506,0,GLTDEEY(pG|6)DEFKK,NA,20250731_LUMOS_CPR_LeXN_SA_GLTDEEYDEFKK_GMP_3plus_HCD25_5
20250731_LUMOS_CPR_LeXN_SA_GLTDEEYDEFKK_GMP_3plus_HCD27,1,HCD,NA,27,606.9,3,0.004300169,-1,157.3348925,0,GLTDEEY(pG|6)DEFKK,NA,20250731_LUMOS_CPR_LeXN_SA_GLTDEEYDEFKK_GMP_3plus_HCD27_1
20250731_LUMOS_CPR_LeXN_SA_GLTDEEYDEFKK_GMP_3plus_HCD27,2,HCD,NA,27,606.9,3,0.009560107,-1,171.9545384,0,GLTDEEY(pG|6)DEFKK,NA,20250731_LUMOS_CPR_LeXN_SA_GLTDEEYDEFKK_GMP_3plus_HCD27_2
20250731_LUMOS_CPR_LeXN_SA_GLTDEEYDEFKK_GMP_3plus_HCD27,3,HCD,NA,27,606.9,3,0.01481647,-1,180.840108,0,GLTDEEY(pG|6)DEFKK,NA,20250731_LUMOS_CPR_LeXN_SA_GLTDEEYDEFKK_GMP_3plus_HCD27_3
20250731_LUMOS_CPR_LeXN_SA_GLTDEEYDEFKK_GMP_3plus_HCD27,4,HCD,NA,27,606.9,3,0.02008541,-1,157.3348925,0,GLTDEEY(pG|6)DEFKK,NA,20250731_LUMOS_CPR_LeXN_SA_GLTDEEYDEFKK_GMP_3plus_HCD27_4
20250731_LUMOS_CPR_LeXN_SA_GLTDEEYDEFKK_GMP_3plus_HCD27,5,HCD,NA,27,606.9,3,0.02536969,-1,169.7923739,0,GLTDEEY(pG|6)DEFKK,NA,20250731_LUMOS_CPR_LeXN_SA_GLTDEEYDEFKK_GMP_3plus_HCD27_5
20250731_LUMOS_CPR_LeXN_SA_GLTDEEYDEFKK_GMP_3plus_HCD29,1,HCD,NA,29,606.9,3,0.004303049,-1,138.2142173,0,GLTDEEY(pG|6)DEFKK,NA,20250731_LUMOS_CPR_LeXN_SA_GLTDEEYDEFKK_GMP_3plus_HCD29_1
20250731_LUMOS_CPR_LeXN_SA_GLTDEEYDEFKK_GMP_3plus_HCD29,2,HCD,NA,29,606.9,3,0.009570668,-1,134.1282172,0,GLTDEEY(pG|6)DEFKK,NA,20250731_LUMOS_CPR_LeXN_SA_GLTDEEYDEFKK_GMP_3plus_HCD29_2
20250731_LUMOS_CPR_LeXN_SA_GLTDEEYDEFKK_GMP_3plus_HCD29,3,HCD,NA,29,606.9,3,0.01484373,-1,138.2142173,0,GLTDEEY(pG|6)DEFKK,NA,20250731_LUMOS_CPR_LeXN_SA_GLTDEEYDEFKK_GMP_3plus_HCD29_3
20250731_LUMOS_CPR_LeXN_SA_GLTDEEYDEFKK_GMP_3plus_HCD29,4,HCD,NA,29,606.9,3,0.02010933,-1,134.0578873,0,GLTDEEY(pG|6)DEFKK,NA,20250731_LUMOS_CPR_LeXN_SA_GLTDEEYDEFKK_GMP_3plus_HCD29_4
20250731_LUMOS_CPR_LeXN_SA_GLTDEEYDEFKK_GMP_3plus_HCD29,5,HCD,NA,29,606.9,3,0.0253957,-1,148.4757489,0,GLTDEEY(pG|6)DEFKK,NA,20250731_LUMOS_CPR_LeXN_SA_GLTDEEYDEFKK_GMP_3plus_HCD29_5
20250731_LUMOS_CPR_LeXN_SA_GLTDEEYDEFKK_GMP_3plus_HCD31,1,HCD,NA,31,606.9,3,0.004299512,-1,97.94947294,0,GLTDEEY(pG|6)DEFKK,NA,20250731_LUMOS_CPR_LeXN_SA_GLTDEEYDEFKK_GMP_3plus_HCD31_1
20250731_LUMOS_CPR_LeXN_SA_GLTDEEYDEFKK_GMP_3plus_HCD31,2,HCD,NA,31,606.9,3,0.009555508,-1,130.7811225,0,GLTDEEY(pG|6)DEFKK,NA,20250731_LUMOS_CPR_LeXN_SA_GLTDEEYDEFKK_GMP_3plus_HCD31_2
20250731_LUMOS_CPR_LeXN_SA_GLTDEEYDEFKK_GMP_3plus_HCD31,3,HCD,NA,31,606.9,3,0.01484229,-1,121.1824909,0,GLTDEEY(pG|6)DEFKK,NA,20250731_LUMOS_CPR_LeXN_SA_GLTDEEYDEFKK_GMP_3plus_HCD31_3
20250731_LUMOS_CPR_LeXN_SA_GLTDEEYDEFKK_GMP_3plus_HCD31,4,HCD,NA,31,606.9,3,0.02011594,-1,124.8114459,0,GLTDEEY(pG|6)DEFKK,NA,20250731_LUMOS_CPR_LeXN_SA_GLTDEEYDEFKK_GMP_3plus_HCD31_4
20250731_LUMOS_CPR_LeXN_SA_GLTDEEYDEFKK_GMP_3plus_HCD31,5,HCD,NA,31,606.9,3,0.02537003,-1,118.5074237,0,GLTDEEY(pG|6)DEFKK,NA,20250731_LUMOS_CPR_LeXN_SA_GLTDEEYDEFKK_GMP_3plus_HCD31_5
20250731_LUMOS_CPR_LeXN_SA_GLTDEEYDEFKK_GMP_3plus_HCD33,1,HCD,NA,33,606.9,3,0.004303175,-1,78.19093377,0,GLTDEEY(pG|6)DEFKK,NA,20250731_LUMOS_CPR_LeXN_SA_GLTDEEYDEFKK_GMP_3plus_HCD33_1
20250731_LUMOS_CPR_LeXN_SA_GLTDEEYDEFKK_GMP_3plus_HCD33,2,HCD,NA,33,606.9,3,0.009580221,-1,103.7160164,0,GLTDEEY(pG|6)DEFKK,NA,20250731_LUMOS_CPR_LeXN_SA_GLTDEEYDEFKK_GMP_3plus_HCD33_2
20250731_LUMOS_CPR_LeXN_SA_GLTDEEYDEFKK_GMP_3plus_HCD33,3,HCD,NA,33,606.9,3,0.01485815,-1,82.57813368,0,GLTDEEY(pG|6)DEFKK,NA,20250731_LUMOS_CPR_LeXN_SA_GLTDEEYDEFKK_GMP_3plus_HCD33_3
20250731_LUMOS_CPR_LeXN_SA_GLTDEEYDEFKK_GMP_3plus_HCD33,4,HCD,NA,33,606.9,3,0.02011389,-1,91.07624137,0,GLTDEEY(pG|6)DEFKK,NA,20250731_LUMOS_CPR_LeXN_SA_GLTDEEYDEFKK_GMP_3plus_HCD33_4
20250731_LUMOS_CPR_LeXN_SA_GLTDEEYDEFKK_GMP_3plus_HCD33,5,HCD,NA,33,606.9,3,0.02538065,-1,86.21424707,0,GLTDEEY(pG|6)DEFKK,NA,20250731_LUMOS_CPR_LeXN_SA_GLTDEEYDEFKK_GMP_3plus_HCD33_5
20250731_LUMOS_CPR_LeXN_SA_GLTDEEYDEFKK_GMP_3plus_HCD35,1,HCD,NA,35,606.9,3,0.004302059,-1,74.815542,0,GLTDEEY(pG|6)DEFKK,NA,20250731_LUMOS_CPR_LeXN_SA_GLTDEEYDEFKK_GMP_3plus_HCD35_1
20250731_LUMOS_CPR_LeXN_SA_GLTDEEYDEFKK_GMP_3plus_HCD35,2,HCD,NA,35,606.9,3,0.00957847,-1,78.06911146,0,GLTDEEY(pG|6)DEFKK,NA,20250731_LUMOS_CPR_LeXN_SA_GLTDEEYDEFKK_GMP_3plus_HCD35_2
20250731_LUMOS_CPR_LeXN_SA_GLTDEEYDEFKK_GMP_3plus_HCD35,3,HCD,NA,35,606.9,3,0.01483972,-1,79.65153213,0,GLTDEEY(pG|6)DEFKK,NA,20250731_LUMOS_CPR_LeXN_SA_GLTDEEYDEFKK_GMP_3plus_HCD35_3
20250731_LUMOS_CPR_LeXN_SA_GLTDEEYDEFKK_GMP_3plus_HCD35,4,HCD,NA,35,606.9,3,0.02008766,-1,74.29609946,0,GLTDEEY(pG|6)DEFKK,NA,20250731_LUMOS_CPR_LeXN_SA_GLTDEEYDEFKK_GMP_3plus_HCD35_4
20250731_LUMOS_CPR_LeXN_SA_GLTDEEYDEFKK_GMP_3plus_HCD35,5,HCD,NA,35,606.9,3,0.02535816,-1,74.815542,0,GLTDEEY(pG|6)DEFKK,NA,20250731_LUMOS_CPR_LeXN_SA_GLTDEEYDEFKK_GMP_3plus_HCD35_5
20250731_LUMOS_CPR_LeXN_SA_GLTDEEYDEFKK_GMP_3plus_HCD40,1,HCD,NA,40,606.9,3,0.004305077,-1,51.88783212,0,GLTDEEY(pG|6)DEFKK,NA,20250731_LUMOS_CPR_LeXN_SA_GLTDEEYDEFKK_GMP_3plus_HCD40_1
20250731_LUMOS_CPR_LeXN_SA_GLTDEEYDEFKK_GMP_3plus_HCD40,2,HCD,NA,40,606.9,3,0.009591972,-1,62.86088959,0,GLTDEEY(pG|6)DEFKK,NA,20250731_LUMOS_CPR_LeXN_SA_GLTDEEYDEFKK_GMP_3plus_HCD40_2
20250731_LUMOS_CPR_LeXN_SA_GLTDEEYDEFKK_GMP_3plus_HCD40,3,HCD,NA,40,606.9,3,0.0148701,-1,68.91942455,0,GLTDEEY(pG|6)DEFKK,NA,20250731_LUMOS_CPR_LeXN_SA_GLTDEEYDEFKK_GMP_3plus_HCD40_3
20250731_LUMOS_CPR_LeXN_SA_GLTDEEYDEFKK_GMP_3plus_HCD40,4,HCD,NA,40,606.9,3,0.02013499,-1,59.26115285,0,GLTDEEY(pG|6)DEFKK,NA,20250731_LUMOS_CPR_LeXN_SA_GLTDEEYDEFKK_GMP_3plus_HCD40_4
20250731_LUMOS_CPR_LeXN_SA_GLTDEEYDEFKK_GMP_3plus_HCD40,5,HCD,NA,40,606.9,3,0.02540248,-1,68.91942455,0,GLTDEEY(pG|6)DEFKK,NA,20250731_LUMOS_CPR_LeXN_SA_GLTDEEYDEFKK_GMP_3plus_HCD40_5
20250731_LUMOS_CPR_LeXN_SA_GLTDEEYDEFKK_GMP_2plus_ETD,95,ETD,300,NA,909.8,2,0.7997823,-1,1.07773769,0,GLTDEEY(pG|6)DEFKK,NA,20250731_LUMOS_CPR_LeXN_SA_GLTDEEYDEFKK_GMP_2plus_ETD_95
20250731_LUMOS_CPR_LeXN_SA_GLTDEEYDEFKK_GMP_2plus_ETD,96,ETD,300,NA,909.8,2,0.8122945,-1,0.466419455,0,GLTDEEY(pG|6)DEFKK,NA,20250731_LUMOS_CPR_LeXN_SA_GLTDEEYDEFKK_GMP_2plus_ETD_96
20250731_LUMOS_CPR_LeXN_SA_GLTDEEYDEFKK_GMP_2plus_ETD,97,ETD,300,NA,909.8,2,0.8248338,-1,7.621840915,0,GLTDEEY(pG|6)DEFKK,NA,20250731_LUMOS_CPR_LeXN_SA_GLTDEEYDEFKK_GMP_2plus_ETD_97
20250731_LUMOS_CPR_LeXN_SA_GLTDEEYDEFKK_GMP_2plus_ETD,98,ETD,300,NA,909.8,2,0.8374223,-1,7.621840915,0,GLTDEEY(pG|6)DEFKK,NA,20250731_LUMOS_CPR_LeXN_SA_GLTDEEYDEFKK_GMP_2plus_ETD_98
20250731_LUMOS_CPR_LeXN_SA_GLTDEEYDEFKK_GMP_2plus_ETD,99,ETD,300,NA,909.8,2,0.8500268,-1,3.527504197,0,GLTDEEY(pG|6)DEFKK,NA,20250731_LUMOS_CPR_LeXN_SA_GLTDEEYDEFKK_GMP_2plus_ETD_99
20250731_LUMOS_CPR_LeXN_SA_GLTDEEYDEFKK_GMP_2plus_ETD,100,ETD,300,NA,909.8,2,0.8626379,-1,4.070847026,0,GLTDEEY(pG|6)DEFKK,NA,20250731_LUMOS_CPR_LeXN_SA_GLTDEEYDEFKK_GMP_2plus_ETD_100
20250731_LUMOS_CPR_LeXN_SA_GLTDEEYDEFKK_GMP_2plus_ETD,101,ETD,300,NA,909.8,2,0.8752496,-1,3.527504197,0,GLTDEEY(pG|6)DEFKK,NA,20250731_LUMOS_CPR_LeXN_SA_GLTDEEYDEFKK_GMP_2plus_ETD_101
20250731_LUMOS_CPR_LeXN_SA_GLTDEEYDEFKK_GMP_2plus_ETD,102,ETD,300,NA,909.8,2,0.8878614,-1,7.215485255,0,GLTDEEY(pG|6)DEFKK,NA,20250731_LUMOS_CPR_LeXN_SA_GLTDEEYDEFKK_GMP_2plus_ETD_102
20250731_LUMOS_CPR_LeXN_SA_GLTDEEYDEFKK_GMP_2plus_ETD,103,ETD,300,NA,909.8,2,0.9004814,-1,4.525489855,0,GLTDEEY(pG|6)DEFKK,NA,20250731_LUMOS_CPR_LeXN_SA_GLTDEEYDEFKK_GMP_2plus_ETD_103
